{
"lengthUnit": "mil",
"components": {
	"fields": ["COMPONENT_NO", "COMPONENT_NAME", "LAYER", "X_COORDINATE", "Y_COORDINATE", "ANGLE"],
	"rows": [
		[1, "C106", "B", 100.43, -285, 90],
		[2, "C107", "B", 150, -285, 270],
		[3, "D1", "B", -49.53, -296.5, 90],
		[4, "D2", "B", -4.53, -296.5, 90],
		[5, "D3", "B", 40.47, -296.5, 90],
		[6, "FPC1", "B", 0, -170, 180],
		[7, "MIC2", "B", 189.6, -158, 0],
		[8, "U228", "B", -189.57, -158, 0],
		[9, "PAD1", "B", -262.5, -305, 0],
		[10, "PAD2", "B", -162.5, -305, 0],
		[11, "PAD3", "B", 285, -205, 0],
		[12, "PAD4", "B", 215, -275, 0]
	]
},
"pins": {
	"fields": ["PIN_NO", "PIN_NAME", "PIN_X", "PIN_Y", "LAYER", "PIN_TYPE", "NET_NAME", "NET_TYPE", "PAD_SHAPE", "PAD_SIZEX", "PAD_SIZEY", "HOLE_SIZE", "PAD_ANGLE"],
	"rows": [
		[1, "C106_1", 100.43, -306.46, "B", "SMD", "GND", "GND", "R", 31.11, 21.26, 0, 90],
		[2, "C106_2", 100.43, -263.54, "B", "SMD", "VCC", "", "R", 31.11, 21.26, 0, 90],
		[3, "C107_1", 150, -263.54, "B", "SMD", "VCC", "", "R", 31.11, 21.26, 0, 270],
		[4, "C107_2", 150, -306.46, "B", "SMD", "GND", "GND", "R", 31.11, 21.26, 0, 270],
		[5, "D1_1", -49.53, -313.23, "B", "SMD", "GND", "GND", "R", 21.65, 23.62, 0, 90],
		[6, "D1_2", -49.53, -279.77, "B", "SMD", "PDM_CLK", "", "R", 21.65, 23.62, 0, 90],
		[7, "D2_1", -4.53, -313.23, "B", "SMD", "GND", "GND", "R", 21.65, 23.62, 0, 90],
		[8, "D2_2", -4.53, -279.77, "B", "SMD", "PDM_DATA", "", "R", 21.65, 23.62, 0, 90],
		[9, "D3_1", 40.47, -313.23, "B", "SMD", "GND", "GND", "R", 21.65, 23.62, 0, 90],
		[10, "D3_2", 40.47, -279.77, "B", "SMD", "VCC", "", "R", 21.65, 23.62, 0, 90],
		[11, "FPC1_1", -29.53, -219.22, "B", "SMD", "PDM_CLK", "", "R", 11.81, 31.5, 0, 0],
		[12, "FPC1_2", -9.84, -219.22, "B", "SMD", "PDM_DATA", "", "R", 11.81, 31.5, 0, 0],
		[13, "FPC1_3", 9.84, -219.22, "B", "SMD", "VCC", "", "R", 11.81, 31.5, 0, 0],
		[14, "FPC1_4", 29.53, -219.22, "B", "SMD", "GND", "GND", "R", 11.81, 31.5, 0, 0],
		[15, "FPC1_5", 68.9, -120.78, "B", "SMD", "GND", "GND", "R", 15.75, 31.5, 0, 0],
		[16, "FPC1_6", -68.9, -120.78, "B", "SMD", "GND", "GND", "R", 15.75, 31.5, 0, 0],
		[17, "MIC2_1", 156.61, -211.22, "B", "SMD", "PDM_DATA", "", "R", 28.54, 20.55, 0, 0],
		[18, "MIC2_2", 156.61, -178.86, "B", "SMD", "VCC", "", "R", 28.54, 20.55, 0, 0],
		[19, "MIC2_3", 189.8, -104.78, "B", "SMD", "GND", "GND", "P", 38.37, 14.98, 0, 0],
		[20, "MIC2_3", 214.38, -129.77, "B", "SMD", "GND", "GND", "P", 14.98, 38.37, 0, 0],
		[21, "MIC2_3", 189.4, -154.34, "B", "SMD", "GND", "GND", "P", 38.37, 14.98, 0, 0],
		[22, "MIC2_3", 164.82, -129.37, "B", "SMD", "GND", "GND", "P", 14.98, 38.37, 0, 0],
		[23, "MIC2_4", 222.59, -178.86, "B", "SMD", "PDM_CLK", "", "R", 28.54, 20.55, 0, 0],
		[24, "MIC2_5", 222.59, -211.22, "B", "SMD", "VCC", "", "R", 28.54, 20.55, 0, 0],
		[25, "U228_1", -222.56, -207.59, "B", "SMD", "PDM_DATA", "", "R", 28.74, 20.87, 0, 0],
		[26, "U228_2", -222.56, -175.23, "B", "SMD", "GND", "GND", "R", 28.74, 20.87, 0, 0],
		[27, "U228_3", -171.51, -143.09, "B", "SMD", "GND", "GND", "P", 27.4, 27.74, 0, 0],
		[28, "U228_3", -171.73, -108.41, "B", "SMD", "GND", "GND", "P", 27.74, 27.4, 0, 0],
		[29, "U228_3", -207.63, -108.79, "B", "SMD", "GND", "GND", "P", 27.4, 27.74, 0, 0],
		[30, "U228_3", -207.41, -143.47, "B", "SMD", "GND", "GND", "P", 27.74, 27.4, 0, 0],
		[31, "U228_4", -156.58, -175.23, "B", "SMD", "PDM_CLK", "", "R", 28.74, 20.87, 0, 0],
		[32, "U228_5", -156.58, -207.59, "B", "SMD", "VCC", "", "R", 28.74, 20.87, 0, 0],
		[33, "PAD1_1", -262.5, -305, "B", "SMD", "PDM_DATA", "", "C", 50, 50, 0, 90],
		[34, "PAD2_2", -162.5, -305, "B", "SMD", "PDM_CLK", "", "C", 50, 50, 0, 90],
		[35, "PAD3_1", 285, -205, "B", "SMD", "GND", "GND", "C", 50, 50, 0, 90],
		[36, "PAD4_2", 215, -275, "B", "SMD", "VCC", "", "C", 50, 50, 0, 90]
	]
}
}