{
"lengthUnit": "mil",
"components": {
	"fields": ["COMPONENT_NO", "COMPONENT_NAME", "LAYER", "X_COORDINATE", "Y_COORDINATE", "ANGLE"],
	"rows": [
		[1, "C5", "T", -481, 183, 90],
		[2, "C200", "T", -539.4, 444.9, 0],
		[3, "C201", "T", -537, 270.08, 0],
		[4, "C203", "B", 549, 322, 270],
		[5, "C207", "B", 645.7, -255.92, 180],
		[6, "C208", "B", 636, -39, 180],
		[7, "C209", "B", 587.21, -317.79, 0],
		[8, "C210", "B", 587.21, -362.79, 0],
		[9, "C211", "B", 530.54, -111.23, 270],
		[10, "C212", "B", 395.49, 364.5, 270],
		[11, "C213", "B", 350, 365, 270],
		[12, "C214", "B", 42, -468, 90],
		[13, "C215", "B", 87.9, -467.82, 90],
		[14, "C216", "B", 132.9, -467.82, 90],
		[15, "C217", "B", 368, -452, 90],
		[16, "C218", "B", 477, -531, 180],
		[17, "C221", "B", 143, -45, 270],
		[18, "C222", "B", 476, -404, 180],
		[19, "C224", "B", 225, 390, 0],
		[20, "C229", "T", -119.01, -531.99, 90],
		[21, "C230", "T", -163.99, -531.69, 90],
		[22, "C231", "T", -291, -562, 0],
		[23, "C232", "T", -336.5, -631, 90],
		[24, "C233", "T", -291, -520, 0],
		[25, "C234", "T", -291, -475, 0],
		[26, "C235", "T", -209.01, -531.99, 90],
		[27, "C236", "T", -291, -430, 180],
		[28, "C237", "T", -291, -385, 0],
		[29, "C239", "T", -34, -364, 270],
		[30, "C240", "T", 12, -365, 270],
		[31, "C241", "T", -396, -469, 270],
		[32, "C242", "T", -441, -470, 270],
		[33, "C243", "T", -488, -387, 270],
		[34, "C244", "T", -460, -60, 0],
		[35, "C245", "T", -459, -3, 0],
		[36, "C246", "T", -459, 63, 0],
		[37, "C247", "T", -556, -186, 270],
		[38, "C248", "T", -362, -182, 270],
		[39, "C249", "T", -374.26, 151.74, 0],
		[40, "C250", "T", -376, 350, 0],
		[41, "C251", "T", -290.62, -340.08, 180],
		[42, "C252", "B", 480, 355, 315],
		[43, "C253", "B", 540, 396, 0],
		[44, "C254", "T", 369, 412, 270],
		[45, "CN4", "B", 0, -220, 180],
		[46, "D1", "B", -37.06, 308.11, 0],
		[47, "D200", "T", -455, 444, 90],
		[48, "D201", "B", 31, 308, 180],
		[49, "D202", "B", -250, 644, 90],
		[50, "D203", "B", 248, 644, 90],
		[51, "D204", "B", -300.46, 11, 90],
		[52, "D205", "T", -172, 350, 0],
		[53, "F1", "T", 0, 428, 90],
		[54, "FPC1", "T", 563.66, 285.45, 0],
		[55, "FPC2", "B", -338.6, -573.85, 180],
		[56, "FPC3", "B", -313.98, 446.87, 90],
		[57, "L1", "B", 296, -437, 0],
		[58, "LED4", "T", 621, 44, 0],
		[59, "LED5", "T", -566, 69, 90],
		[60, "MIC1", "T", -245, -630, 90],
		[61, "MX1", "B", 0, 0, 180],
		[62, "Q200", "T", -315, 444, 180],
		[63, "Q201", "B", -205, -100, 180],
		[64, "Q202", "T", 279.38, 404.91, 270],
		[65, "R201", "T", 300, -340, 180],
		[66, "R202", "T", 379, -339, 0],
		[67, "R204", "B", 643, 397, 180],
		[68, "R205", "T", -652, 386, 90],
		[69, "R206", "T", -651, 305, 270],
		[70, "R207", "T", -64, 542, 90],
		[71, "R208", "B", 557.11, -255.92, 180],
		[72, "R209", "B", 455, -467, 90],
		[73, "R211", "B", -245, -210, 90],
		[74, "R212", "B", -200, -210, 90],
		[75, "R213", "B", -80, -110, 0],
		[76, "R214", "B", -77, 349, 180],
		[77, "R215", "B", 86, 350, 0],
		[78, "R216", "T", -544, 159, 0],
		[79, "R217", "T", -543.96, 205.04, 180],
		[80, "R218", "B", 223, -422, 270],
		[81, "R220", "T", 58, -404, 90],
		[82, "R221", "T", 75, -340, 180],
		[83, "R222", "T", -395.5, -379.54, 270],
		[84, "R223", "T", -442, -379, 270],
		[85, "R224", "T", -534, -380, 90],
		[86, "R225", "T", -562, -17, 0],
		[87, "R226", "T", 189.01, 377.49, 90],
		[88, "RF1", "B", 373, -591, 90],
		[89, "SW1", "B", 331, 534.49, 0],
		[90, "SW203", "B", 380, 677.17, 180],
		[91, "SW204", "B", -380, 677.17, 180],
		[92, "SW205", "B", -607, 0, 90],
		[93, "U200", "T", -555.15, 358.29, 270],
		[94, "U213", "B", 351.4, -197.84, 90],
		[95, "U214", "B", 482, 172, 225],
		[96, "U216", "T", -135, -390, 90],
		[97, "U217", "T", -457, -208, 0],
		[98, "U218", "T", -632, 242, 0],
		[99, "U219", "T", -394, 250, 90],
		[100, "U220", "T", 21.27, 505.73, 180],
		[101, "U222", "B", 622.08, 320.88, 270],
		[102, "USB2", "B", 0, 540, 0],
		[103, "X1", "B", 622.08, -150.6, 270],
		[104, "PAD1", "B", -390, -286, 0],
		[105, "PAD2", "B", -518, -287, 0],
		[106, "PAD3", "B", -513, 276, 0],
		[107, "PAD4", "B", -578, 417, 0]
	]
},
"pins": {
	"fields": ["PIN_NO", "PIN_NAME", "PIN_X", "PIN_Y", "LAYER", "PIN_TYPE", "NET_NAME", "NET_TYPE", "PAD_SHAPE", "PAD_SIZEX", "PAD_SIZEY", "HOLE_SIZE", "PAD_ANGLE"],
	"rows": [
		[1, "C5_1", -481, 161.54, "T", "SMD", "BAT_ADC", "", "R", 31.11, 21.26, 0, 90],
		[2, "C5_2", -481, 204.46, "T", "SMD", "GND", "GND", "R", 31.11, 21.26, 0, 90],
		[3, "C200_1", -560.86, 444.9, "T", "SMD", "GND", "GND", "R", 31.11, 21.26, 0, 0],
		[4, "C200_2", -517.94, 444.9, "T", "SMD", "+5V", "", "R", 31.11, 21.26, 0, 0],
		[5, "C201_1", -558.46, 270.08, "T", "SMD", "GND", "GND", "R", 31.11, 21.26, 0, 0],
		[6, "C201_2", -515.54, 270.08, "T", "SMD", "VBAT", "", "R", 31.11, 21.26, 0, 0],
		[7, "C203_1", 549, 343.46, "B", "SMD", "VCC", "", "R", 31.11, 21.26, 0, 270],
		[8, "C203_2", 549, 300.54, "B", "SMD", "GND", "GND", "R", 31.11, 21.26, 0, 270],
		[9, "C207_1", 667.16, -255.92, "B", "SMD", "GND", "GND", "R", 31.11, 21.26, 0, 180],
		[10, "C207_2", 624.24, -255.92, "B", "SMD", "$1N49082", "", "R", 31.11, 21.26, 0, 180],
		[11, "C208_1", 657.46, -39, "B", "SMD", "XTAL_N", "", "R", 31.11, 21.26, 0, 180],
		[12, "C208_2", 614.54, -39, "B", "SMD", "GND", "GND", "R", 31.11, 21.26, 0, 180],
		[13, "C209_1", 565.75, -317.79, "B", "SMD", "VCC", "", "R", 31.11, 21.26, 0, 0],
		[14, "C209_2", 608.67, -317.79, "B", "SMD", "GND", "GND", "R", 31.11, 21.26, 0, 0],
		[15, "C210_1", 565.75, -362.79, "B", "SMD", "VCC", "", "R", 31.11, 21.26, 0, 0],
		[16, "C210_2", 608.67, -362.79, "B", "SMD", "GND", "GND", "R", 31.11, 21.26, 0, 0],
		[17, "C211_1", 530.54, -89.77, "B", "SMD", "GND", "GND", "R", 31.11, 21.26, 0, 270],
		[18, "C211_2", 530.54, -132.69, "B", "SMD", "VCC", "", "R", 31.11, 21.26, 0, 270],
		[19, "C212_1", 395.49, 385.96, "B", "SMD", "GND", "GND", "R", 31.11, 21.26, 0, 270],
		[20, "C212_2", 395.49, 343.04, "B", "SMD", "VDD_SPI", "", "R", 31.11, 21.26, 0, 270],
		[21, "C213_1", 350, 386.46, "B", "SMD", "GND", "GND", "R", 31.11, 21.26, 0, 270],
		[22, "C213_2", 350, 343.54, "B", "SMD", "VDD_SPI", "", "R", 31.11, 21.26, 0, 270],
		[23, "C214_1", 42, -489.46, "B", "SMD", "GND", "GND", "R", 31.11, 21.26, 0, 90],
		[24, "C214_2", 42, -446.54, "B", "SMD", "VCC", "", "R", 31.11, 21.26, 0, 90],
		[25, "C215_1", 87.9, -489.28, "B", "SMD", "GND", "GND", "R", 31.11, 21.26, 0, 90],
		[26, "C215_2", 87.9, -446.36, "B", "SMD", "VCC", "", "R", 31.11, 21.26, 0, 90],
		[27, "C216_1", 132.9, -489.28, "B", "SMD", "GND", "GND", "R", 31.11, 21.26, 0, 90],
		[28, "C216_2", 132.9, -446.36, "B", "SMD", "VCC", "", "R", 31.11, 21.26, 0, 90],
		[29, "C217_1", 368, -473.46, "B", "SMD", "GND", "GND", "R", 31.11, 21.26, 0, 90],
		[30, "C217_2", 368, -430.54, "B", "SMD", "$1N49891", "", "R", 31.11, 21.26, 0, 90],
		[31, "C218_1", 498.46, -531, "B", "SMD", "GND", "GND", "R", 31.11, 21.26, 0, 180],
		[32, "C218_2", 455.54, -531, "B", "SMD", "$1N50292", "", "R", 31.11, 21.26, 0, 180],
		[33, "C221_1", 143, -23.54, "B", "SMD", "GND", "GND", "R", 31.11, 21.26, 0, 270],
		[34, "C221_2", 143, -66.46, "B", "SMD", "VCC", "", "R", 31.11, 21.26, 0, 270],
		[35, "C222_1", 497.46, -404, "B", "SMD", "GND", "GND", "R", 31.11, 21.26, 0, 180],
		[36, "C222_2", 454.54, -404, "B", "SMD", "$1N50074", "", "R", 31.11, 21.26, 0, 180],
		[37, "C224_1", 203.54, 390, "B", "SMD", "GND", "GND", "R", 31.11, 21.26, 0, 0],
		[38, "C224_2", 246.46, 390, "B", "SMD", "EN", "", "R", 31.11, 21.26, 0, 0],
		[39, "C229_1", -119.01, -553.45, "T", "SMD", "$1N121020", "", "R", 31.11, 21.26, 0, 90],
		[40, "C229_2", -119.01, -510.53, "T", "SMD", "$1N121004", "", "R", 31.11, 21.26, 0, 90],
		[41, "C230_1", -163.99, -553.15, "T", "SMD", "AGND", "", "R", 31.11, 21.26, 0, 90],
		[42, "C230_2", -163.99, -510.23, "T", "SMD", "$1N121009", "", "R", 31.11, 21.26, 0, 90],
		[43, "C231_1", -312.46, -562, "T", "SMD", "AGND", "", "R", 31.11, 21.26, 0, 0],
		[44, "C231_2", -269.54, -562, "T", "SMD", "VMIC", "", "R", 31.11, 21.26, 0, 0],
		[45, "C232_1", -336.5, -652.46, "T", "SMD", "AGND", "", "R", 31.11, 21.26, 0, 90],
		[46, "C232_2", -336.5, -609.54, "T", "SMD", "VMIC", "", "R", 31.11, 21.26, 0, 90],
		[47, "C233_1", -312.46, -520, "T", "SMD", "AGND", "", "R", 31.11, 21.26, 0, 0],
		[48, "C233_2", -269.54, -520, "T", "SMD", "VMIC", "", "R", 31.11, 21.26, 0, 0],
		[49, "C234_1", -312.46, -475, "T", "SMD", "AGND", "", "R", 31.11, 21.26, 0, 0],
		[50, "C234_2", -269.54, -475, "T", "SMD", "$1N121461", "", "R", 31.11, 21.26, 0, 0],
		[51, "C235_1", -209.01, -553.45, "T", "SMD", "AGND", "", "R", 31.11, 21.26, 0, 90],
		[52, "C235_2", -209.01, -510.53, "T", "SMD", "$1N121499", "", "R", 31.11, 21.26, 0, 90],
		[53, "C236_1", -269.54, -430, "T", "SMD", "$1N121630", "", "R", 31.11, 21.26, 0, 180],
		[54, "C236_2", -312.46, -430, "T", "SMD", "PA_IN-", "", "R", 31.11, 21.26, 0, 180],
		[55, "C237_1", -312.46, -385, "T", "SMD", "PA_IN+", "", "R", 31.11, 21.26, 0, 0],
		[56, "C237_2", -269.54, -385, "T", "SMD", "$1N121634", "", "R", 31.11, 21.26, 0, 0],
		[57, "C239_1", -34, -342.54, "T", "SMD", "AGND", "", "R", 31.11, 21.26, 0, 270],
		[58, "C239_2", -34, -385.46, "T", "SMD", "AU_3V3", "", "R", 31.11, 21.26, 0, 270],
		[59, "C240_1", 12, -343.54, "T", "SMD", "AGND", "", "R", 31.11, 21.26, 0, 270],
		[60, "C240_2", 12, -386.46, "T", "SMD", "AU_3V3", "", "R", 31.11, 21.26, 0, 270],
		[61, "C241_1", -396, -447.54, "T", "SMD", "$1N122242", "", "R", 31.11, 21.26, 0, 270],
		[62, "C241_2", -396, -490.46, "T", "SMD", "PA_IN+", "", "R", 31.11, 21.26, 0, 270],
		[63, "C242_1", -441, -448.54, "T", "SMD", "$1N122281", "", "R", 31.11, 21.26, 0, 270],
		[64, "C242_2", -441, -491.46, "T", "SMD", "PA_IN-", "", "R", 31.11, 21.26, 0, 270],
		[65, "C243_1", -488, -365.54, "T", "SMD", "$1N122331", "", "R", 31.11, 21.26, 0, 270],
		[66, "C243_2", -488, -408.46, "T", "SMD", "PGND", "", "R", 31.11, 21.26, 0, 270],
		[67, "C244_1", -481.46, -60, "T", "SMD", "PGND", "", "R", 31.11, 21.26, 0, 0],
		[68, "C244_2", -438.54, -60, "T", "SMD", "VSYS", "", "R", 31.11, 21.26, 0, 0],
		[69, "C245_1", -486.56, -3, "T", "SMD", "PGND", "", "R", 31.5, 35.43, 0, 0],
		[70, "C245_2", -431.44, -3, "T", "SMD", "VSYS", "", "R", 31.5, 35.43, 0, 0],
		[71, "C246_1", -486.56, 63, "T", "SMD", "PGND", "", "R", 31.5, 35.43, 0, 0],
		[72, "C246_2", -431.44, 63, "T", "SMD", "VSYS", "", "R", 31.5, 35.43, 0, 0],
		[73, "C247_1", -556, -164.54, "T", "SMD", "SP+", "", "R", 31.11, 21.26, 0, 270],
		[74, "C247_2", -556, -207.46, "T", "SMD", "PGND", "", "R", 31.11, 21.26, 0, 270],
		[75, "C248_1", -362, -160.54, "T", "SMD", "SP-", "", "R", 31.11, 21.26, 0, 270],
		[76, "C248_2", -362, -203.46, "T", "SMD", "PGND", "", "R", 31.11, 21.26, 0, 270],
		[77, "C249_1", -395.72, 151.74, "T", "SMD", "GND", "GND", "R", 31.11, 21.26, 0, 0],
		[78, "C249_2", -352.8, 151.74, "T", "SMD", "VCC", "", "R", 31.11, 21.26, 0, 0],
		[79, "C250_1", -397.46, 350, "T", "SMD", "GND", "GND", "R", 31.11, 21.26, 0, 0],
		[80, "C250_2", -354.54, 350, "T", "SMD", "VSYS", "", "R", 31.11, 21.26, 0, 0],
		[81, "C251_1", -269.16, -340.08, "T", "SMD", "AU_3V3", "", "R", 31.11, 21.26, 0, 180],
		[82, "C251_2", -312.08, -340.08, "T", "SMD", "AGND", "", "R", 31.11, 21.26, 0, 180],
		[83, "C252_1", 464.83, 370.17, "B", "SMD", "GND", "GND", "R", 31.11, 21.26, 0, 315],
		[84, "C252_2", 495.17, 339.83, "B", "SMD", "VCC", "", "R", 31.11, 21.26, 0, 315],
		[85, "C253_1", 518.54, 396, "B", "SMD", "VCC", "", "R", 31.11, 21.26, 0, 0],
		[86, "C253_2", 561.46, 396, "B", "SMD", "GND", "GND", "R", 31.11, 21.26, 0, 0],
		[87, "C254_1", 369, 433.46, "T", "SMD", "LED_POWER", "", "R", 31.11, 21.26, 0, 270],
		[88, "C254_2", 369, 390.54, "T", "SMD", "GND", "GND", "R", 31.11, 21.26, 0, 270],
		[89, "CN4_1", 108.27, -170.79, "B", "SMD", "GND", "GND", "R", 11.81, 31.5, 0, 180],
		[90, "CN4_2", 88.58, -170.79, "B", "SMD", "$1N50825", "", "R", 11.81, 31.5, 0, 180],
		[91, "CN4_3", 68.89, -170.79, "B", "SMD", "VCC", "", "R", 11.81, 31.5, 0, 180],
		[92, "CN4_4", 49.21, -170.79, "B", "SMD", "VCC", "", "R", 11.81, 31.5, 0, 180],
		[93, "CN4_5", 29.52, -170.79, "B", "SMD", "GND", "GND", "R", 11.81, 31.5, 0, 180],
		[94, "CN4_6", 9.85, -170.79, "B", "SMD", "GND", "GND", "R", 11.81, 31.5, 0, 180],
		[95, "CN4_7", -9.85, -170.79, "B", "SMD", "IO18", "", "R", 11.81, 31.5, 0, 180],
		[96, "CN4_8", -29.52, -170.79, "B", "SMD", "IO17", "", "R", 11.81, 31.5, 0, 180],
		[97, "CN4_9", -49.21, -170.79, "B", "SMD", "IO16", "", "R", 11.81, 31.5, 0, 180],
		[98, "CN4_10", -68.89, -170.79, "B", "SMD", "IO15", "", "R", 11.81, 31.5, 0, 180],
		[99, "CN4_11", -88.58, -170.79, "B", "SMD", "IO14", "", "R", 11.81, 31.5, 0, 180],
		[100, "CN4_12", -108.27, -170.79, "B", "SMD", "GND", "GND", "R", 11.81, 31.5, 0, 180],
		[101, "CN4_13", -147.64, -275.12, "B", "SMD", "CN4_13", "", "R", 31.5, 43.31, 0, 180],
		[102, "CN4_14", 147.64, -275.12, "B", "SMD", "CN4_14", "", "R", 31.5, 43.31, 0, 180],
		[103, "D1_1", -53.79, 308.11, "B", "SMD", "GND", "GND", "R", 21.65, 23.62, 0, 0],
		[104, "D1_2", -20.33, 308.11, "B", "SMD", "USBDM", "", "R", 21.65, 23.62, 0, 0],
		[105, "D200_1", -455, 397.83, "T", "SMD", "VSYS", "", "R", 39.37, 29.53, 0, 90],
		[106, "D200_2", -455, 490.16, "T", "SMD", "+5V", "", "R", 39.37, 29.53, 0, 90],
		[107, "D201_1", 47.73, 308, "B", "SMD", "GND", "GND", "R", 21.65, 23.62, 0, 180],
		[108, "D201_2", 14.27, 308, "B", "SMD", "USBDP", "", "R", 21.65, 23.62, 0, 180],
		[109, "D202_1", -250, 627.27, "B", "SMD", "IO0", "", "R", 21.65, 23.62, 0, 90],
		[110, "D202_2", -250, 660.73, "B", "SMD", "GND", "GND", "R", 21.65, 23.62, 0, 90],
		[111, "D203_1", 248, 627.27, "B", "SMD", "IO47", "", "R", 21.65, 23.62, 0, 90],
		[112, "D203_2", 248, 660.73, "B", "SMD", "GND", "GND", "R", 21.65, 23.62, 0, 90],
		[113, "D204_1", -300.46, -5.73, "B", "SMD", "GND", "GND", "R", 21.65, 23.62, 0, 90],
		[114, "D204_2", -300.46, 27.73, "B", "SMD", "IO21", "", "R", 21.65, 23.62, 0, 90],
		[115, "D205_1", -218.16, 350, "T", "SMD", "STATE_CHARGE", "", "R", 39.37, 29.53, 0, 0],
		[116, "D205_2", -125.84, 350, "T", "SMD", "CAHRGE", "", "R", 39.37, 29.53, 0, 0],
		[117, "F1_1", 0, 398.34, "T", "SMD", "VBUS", "", "R", 31.75, 34.02, 0, 90],
		[118, "F1_2", 0, 457.66, "T", "SMD", "+5V", "", "R", 31.75, 34.02, 0, 90],
		[119, "FPC1_1", 593.19, 236.23, "T", "SMD", "GND", "GND", "R", 11.81, 31.5, 0, 180],
		[120, "FPC1_2", 573.5, 236.23, "T", "SMD", "VCC", "", "R", 11.81, 31.5, 0, 180],
		[121, "FPC1_3", 553.82, 236.23, "T", "SMD", "IO5", "", "R", 11.81, 31.5, 0, 180],
		[122, "FPC1_4", 534.13, 236.23, "T", "SMD", "IO6", "", "R", 11.81, 31.5, 0, 180],
		[123, "FPC1_5", 494.76, 334.66, "T", "SMD", "GND", "GND", "R", 15.75, 31.5, 0, 180],
		[124, "FPC1_6", 632.56, 334.66, "T", "SMD", "GND", "GND", "R", 15.75, 31.5, 0, 180],
		[125, "FPC2_1", -313.99, -510.86, "B", "SMD", "SP-", "", "R", 31.5, 62.99, 0, 180],
		[126, "FPC2_2", -363.21, -510.86, "B", "SMD", "SP+", "", "R", 31.5, 62.99, 0, 180],
		[127, "FPC2_3", -213.6, -636.84, "B", "SMD", "PGND", "", "R", 70.87, 94.49, 0, 180],
		[128, "FPC2_4", -463.6, -636.84, "B", "SMD", "PGND", "", "R", 70.87, 94.49, 0, 180],
		[129, "FPC3_1", -250.99, 422.26, "B", "SMD", "VBAT", "", "R", 31.5, 62.99, 0, 90],
		[130, "FPC3_2", -250.99, 471.48, "B", "SMD", "GND", "GND", "R", 31.5, 62.99, 0, 90],
		[131, "FPC3_3", -376.97, 321.87, "B", "SMD", "GND", "GND", "R", 70.87, 94.49, 0, 90],
		[132, "FPC3_4", -376.97, 571.87, "B", "SMD", "GND", "GND", "R", 70.87, 94.49, 0, 90],
		[133, "L1_1", 274.54, -437, "B", "SMD", "VCC", "", "R", 31.11, 21.26, 0, 0],
		[134, "L1_2", 317.46, -437, "B", "SMD", "$1N49891", "", "R", 31.11, 21.26, 0, 0],
		[135, "LED4_1", 602.3, 25.3, "T", "SMD", "IO38", "", "R", 21.65, 21.65, 0, 0],
		[136, "LED4_2", 639.71, 25.29, "T", "SMD", "LED_POWER", "", "R", 21.65, 21.65, 0, 0],
		[137, "LED4_3", 639.71, 62.7, "T", "SMD", "$1N169360", "", "R", 21.65, 21.65, 0, 0],
		[138, "LED4_4", 602.3, 62.7, "T", "SMD", "GND", "GND", "R", 21.65, 21.65, 0, 0],
		[139, "LED5_1", -547.31, 50.29, "T", "SMD", "$1N169360", "", "R", 21.65, 21.65, 0, 90],
		[140, "LED5_2", -547.3, 87.7, "T", "SMD", "LED_POWER", "", "R", 21.65, 21.65, 0, 90],
		[141, "LED5_3", -584.71, 87.7, "T", "SMD", "LED5_3", "", "R", 21.65, 21.65, 0, 90],
		[142, "LED5_4", -584.71, 50.29, "T", "SMD", "GND", "GND", "R", 21.65, 21.65, 0, 90],
		[143, "MIC1_1", -284.17, -650.67, "T", "SMD", "$1N121020", "", "R", 23.62, 23.62, 0, 90],
		[144, "MIC1_2", -205.83, -650.67, "T", "SMD", "AGND", "", "R", 23.62, 23.62, 0, 90],
		[145, "MIC1_3", -205.83, -609.33, "T", "SMD", "AGND", "", "R", 23.62, 23.62, 0, 90],
		[146, "MIC1_4", -284.17, -609.33, "T", "SMD", "VMIC", "", "R", 23.62, 23.62, 0, 90],
		[147, "MX1_COL", -300, 100, "B", "SMD", "IO21", "", "R", 100.4, 98.4, 0, 0],
		[148, "MX1_ROW", 250, 200, "B", "SMD", "GND", "GND", "R", 100.4, 98.4, 0, 0],
		[149, "Q200_1", -360.28, 481.4, "T", "SMD", "+5V", "", "R", 39.37, 31.5, 0, 0],
		[150, "Q200_2", -360.28, 406.6, "T", "SMD", "VSYS", "", "R", 39.37, 31.5, 0, 0],
		[151, "Q200_3", -269.72, 444, "T", "SMD", "VBAT", "", "R", 39.37, 31.5, 0, 0],
		[152, "Q201_1", -244.37, -137.4, "B", "SMD", "$1N50828", "", "R", 49.21, 27.56, 0, 180],
		[153, "Q201_2", -244.37, -62.6, "B", "SMD", "GND", "GND", "R", 49.21, 27.56, 0, 180],
		[154, "Q201_3", -165.63, -100, "B", "SMD", "LEDK", "", "R", 49.21, 27.56, 0, 180],
		[155, "Q202_1", 241.98, 359.63, "T", "SMD", "IO39", "", "R", 39.37, 31.5, 0, 90],
		[156, "Q202_2", 316.78, 359.63, "T", "SMD", "VCC", "", "R", 39.37, 31.5, 0, 90],
		[157, "Q202_3", 279.38, 450.19, "T", "SMD", "LED_POWER", "", "R", 39.37, 31.5, 0, 90],
		[158, "R201_1", 317.04, -340, "T", "SMD", "VCC", "", "R", 22.27, 21.26, 0, 180],
		[159, "R201_2", 282.96, -340, "T", "SMD", "IO6", "", "R", 22.27, 21.26, 0, 180],
		[160, "R202_1", 361.96, -339, "T", "SMD", "VCC", "", "R", 22.27, 21.26, 0, 0],
		[161, "R202_2", 396.04, -339, "T", "SMD", "IO5", "", "R", 22.27, 21.26, 0, 0],
		[162, "R204_1", 660.04, 397, "B", "SMD", "$1N139255", "", "R", 22.27, 21.26, 0, 180],
		[163, "R204_2", 625.96, 397, "B", "SMD", "VCC", "", "R", 22.27, 21.26, 0, 180],
		[164, "R205_1", -652, 368.96, "T", "SMD", "GND", "GND", "R", 22.27, 21.26, 0, 90],
		[165, "R205_2", -652, 403.04, "T", "SMD", "$1N3346", "", "R", 22.27, 21.26, 0, 90],
		[166, "R206_1", -651, 322.04, "T", "SMD", "STATE_CHARGE", "", "R", 22.27, 21.26, 0, 270],
		[167, "R206_2", -651, 287.96, "T", "SMD", "$1N53919", "", "R", 22.27, 21.26, 0, 270],
		[168, "R207_1", -64, 524.96, "T", "SMD", "GND", "GND", "R", 22.27, 21.26, 0, 90],
		[169, "R207_2", -64, 559.04, "T", "SMD", "+5V", "", "R", 22.27, 21.26, 0, 90],
		[170, "R208_1", 574.15, -255.92, "B", "SMD", "$1N49082", "", "R", 22.27, 21.26, 0, 180],
		[171, "R208_2", 540.07, -255.92, "B", "SMD", "XTAL_P", "", "R", 22.27, 21.26, 0, 180],
		[172, "R209_1", 455, -484.04, "B", "SMD", "$1N50292", "", "R", 22.27, 21.26, 0, 90],
		[173, "R209_2", 455, -449.96, "B", "SMD", "$1N50074", "", "R", 22.27, 21.26, 0, 90],
		[174, "R211_1", -245, -227.04, "B", "SMD", "GND", "GND", "R", 22.27, 21.26, 0, 90],
		[175, "R211_2", -245, -192.96, "B", "SMD", "$1N50828", "", "R", 22.27, 21.26, 0, 90],
		[176, "R212_1", -200, -227.04, "B", "SMD", "IO13", "", "R", 22.27, 21.26, 0, 90],
		[177, "R212_2", -200, -192.96, "B", "SMD", "$1N50828", "", "R", 22.27, 21.26, 0, 90],
		[178, "R213_1", -97.04, -110, "B", "SMD", "LEDK", "", "R", 22.27, 21.26, 0, 0],
		[179, "R213_2", -62.96, -110, "B", "SMD", "$1N50825", "", "R", 22.27, 21.26, 0, 0],
		[180, "R214_1", -59.96, 349, "B", "SMD", "CC1", "", "R", 22.27, 21.26, 0, 180],
		[181, "R214_2", -94.04, 349, "B", "SMD", "GND", "GND", "R", 22.27, 21.26, 0, 180],
		[182, "R215_1", 68.96, 350, "B", "SMD", "CC2", "", "R", 22.27, 21.26, 0, 0],
		[183, "R215_2", 103.04, 350, "B", "SMD", "GND", "GND", "R", 22.27, 21.26, 0, 0],
		[184, "R216_1", -561.04, 159, "T", "SMD", "GND", "GND", "R", 22.27, 21.26, 0, 0],
		[185, "R216_2", -526.96, 159, "T", "SMD", "BAT_ADC", "", "R", 22.27, 21.26, 0, 0],
		[186, "R217_1", -526.92, 205.04, "T", "SMD", "BAT_ADC", "", "R", 22.27, 21.26, 0, 180],
		[187, "R217_2", -561, 205.04, "T", "SMD", "CE", "", "R", 22.27, 21.26, 0, 180],
		[188, "R218_1", 223, -404.96, "B", "SMD", "EN", "", "R", 22.27, 21.26, 0, 270],
		[189, "R218_2", 223, -439.04, "B", "SMD", "VCC", "", "R", 22.27, 21.26, 0, 270],
		[190, "R220_1", 58, -421.04, "T", "SMD", "VCC", "", "R", 22.27, 21.26, 0, 90],
		[191, "R220_2", 58, -386.96, "T", "SMD", "AU_3V3", "", "R", 22.27, 21.26, 0, 90],
		[192, "R221_1", 92.04, -340, "T", "SMD", "GND", "GND", "R", 22.27, 21.26, 0, 180],
		[193, "R221_2", 57.96, -340, "T", "SMD", "AGND", "", "R", 22.27, 21.26, 0, 180],
		[194, "R222_1", -395.5, -362.5, "T", "SMD", "$1N122287", "", "R", 22.27, 21.26, 0, 270],
		[195, "R222_2", -395.5, -396.58, "T", "SMD", "$1N122242", "", "R", 22.27, 21.26, 0, 270],
		[196, "R223_1", -442, -361.96, "T", "SMD", "$1N122289", "", "R", 22.27, 21.26, 0, 270],
		[197, "R223_2", -442, -396.04, "T", "SMD", "$1N122281", "", "R", 22.27, 21.26, 0, 270],
		[198, "R224_1", -534, -397.04, "T", "SMD", "PGND", "", "R", 22.27, 21.26, 0, 90],
		[199, "R224_2", -534, -362.96, "T", "SMD", "IO4", "", "R", 22.27, 21.26, 0, 90],
		[200, "R225_1", -579.04, -17, "T", "SMD", "GND", "GND", "R", 22.27, 21.26, 0, 0],
		[201, "R225_2", -544.96, -17, "T", "SMD", "PGND", "", "R", 22.27, 21.26, 0, 0],
		[202, "R226_1", 189.01, 360.45, "T", "SMD", "IO39", "", "R", 22.27, 21.26, 0, 90],
		[203, "R226_2", 189.01, 394.53, "T", "SMD", "VCC", "", "R", 22.27, 21.26, 0, 90],
		[204, "RF1_1", 316.9, -591, "B", "SMD", "GND", "GND", "R", 41.34, 39.37, 0, 90],
		[205, "RF1_2", 373, -650.06, "B", "SMD", "GND", "GND", "R", 86.61, 43.31, 0, 0],
		[206, "RF1_3", 373, -531.94, "B", "SMD", "GND", "GND", "R", 86.61, 43.31, 0, 0],
		[207, "RF1_4", 429.1, -591, "B", "SMD", "$1N50292", "", "R", 41.34, 39.37, 0, 90],
		[208, "SW1_1", 244.38, 534.49, "B", "SMD", "EN", "", "R", 53.15, 78.74, 0, 0],
		[209, "SW1_2", 417.62, 534.49, "B", "SMD", "GND", "GND", "R", 53.15, 78.74, 0, 0],
		[210, "SW203_1", 445.94, 641.05, "B", "SMD", "GND", "GND", "R", 31.5, 55.12, 0, 180],
		[211, "SW203_2", 314.05, 641.05, "B", "SMD", "IO47", "", "R", 31.5, 55.12, 0, 180],
		[212, "SW203_3", 468.58, 713.29, "B", "SMD", "GND", "GND", "R", 31.5, 43.31, 0, 180],
		[213, "SW203_4", 291.42, 713.29, "B", "SMD", "GND", "GND", "R", 31.5, 43.31, 0, 180],
		[214, "SW204_1", -314.06, 641.05, "B", "SMD", "IO0", "", "R", 31.5, 55.12, 0, 180],
		[215, "SW204_2", -445.95, 641.05, "B", "SMD", "GND", "GND", "R", 31.5, 55.12, 0, 180],
		[216, "SW204_3", -291.42, 713.29, "B", "SMD", "GND", "GND", "R", 31.5, 43.31, 0, 180],
		[217, "SW204_4", -468.58, 713.29, "B", "SMD", "GND", "GND", "R", 31.5, 43.31, 0, 180],
		[218, "SW205_1", -540.07, -88.58, "B", "SMD", "GND", "GND", "R", 60, 23.62, 0, 0],
		[219, "SW205_2", -540.07, 29.53, "B", "SMD", "CE", "", "R", 60, 23.62, 0, 0],
		[220, "SW205_3", -540.07, 88.58, "B", "SMD", "VSYS", "", "R", 60, 23.62, 0, 0],
		[221, "SW205_4", -583.38, 141.73, "B", "SMD", "GND", "GND", "R", 47.24, 27.56, 0, 270],
		[222, "SW205_4", -673.93, 141.73, "B", "SMD", "GND", "GND", "R", 47.24, 27.56, 0, 270],
		[223, "SW205_4", -673.93, -141.73, "B", "SMD", "GND", "GND", "R", 47.24, 27.56, 0, 270],
		[224, "SW205_4", -583.38, -141.73, "B", "SMD", "GND", "GND", "R", 47.24, 27.56, 0, 270],
		[225, "U200_1", -592.54, 314.98, "T", "SMD", "STATE_CHARGE", "", "R", 23.62, 39.37, 0, 0],
		[226, "U200_2", -555.15, 314.98, "T", "SMD", "GND", "GND", "R", 23.62, 39.37, 0, 0],
		[227, "U200_3", -517.75, 314.98, "T", "SMD", "VBAT", "", "R", 23.62, 39.37, 0, 0],
		[228, "U200_4", -517.74, 401.6, "T", "SMD", "+5V", "", "R", 23.62, 39.37, 0, 0],
		[229, "U200_5", -592.55, 401.6, "T", "SMD", "$1N3346", "", "R", 23.62, 39.37, 0, 0],
		[230, "U213_1", 453.76, -332, "B", "SMD", "$1N50074", "", "R", 26.18, 7.87, 0, 90],
		[231, "U213_2", 438.01, -332, "B", "SMD", "$1N49891", "", "R", 26.18, 7.87, 0, 90],
		[232, "U213_3", 422.26, -332, "B", "SMD", "$1N49891", "", "R", 26.18, 7.87, 0, 90],
		[233, "U213_4", 406.52, -332, "B", "SMD", "EN", "", "R", 26.18, 7.87, 0, 90],
		[234, "U213_5", 390.77, -332, "B", "SMD", "IO0", "", "R", 26.18, 7.87, 0, 90],
		[235, "U213_6", 375.02, -332, "B", "SMD", "IO1", "", "R", 26.18, 7.87, 0, 90],
		[236, "U213_7", 359.27, -332, "B", "SMD", "IO2", "", "R", 26.18, 7.87, 0, 90],
		[237, "U213_8", 343.52, -332, "B", "SMD", "IO3", "", "R", 26.18, 7.87, 0, 90],
		[238, "U213_9", 327.78, -332, "B", "SMD", "IO4", "", "R", 26.18, 7.87, 0, 90],
		[239, "U213_10", 312.03, -332, "B", "SMD", "IO5", "", "R", 26.18, 7.87, 0, 90],
		[240, "U213_11", 296.28, -332, "B", "SMD", "IO6", "", "R", 26.18, 7.87, 0, 90],
		[241, "U213_12", 280.53, -332, "B", "SMD", "BAT_ADC", "", "R", 26.18, 7.87, 0, 90],
		[242, "U213_13", 264.78, -332, "B", "SMD", "I2S_MCK", "", "R", 26.18, 7.87, 0, 90],
		[243, "U213_14", 249.04, -332, "B", "SMD", "I2S_BCK", "", "R", 26.18, 7.87, 0, 90],
		[244, "U213_15", 217.24, -300.2, "B", "SMD", "I2S_DI", "", "R", 7.87, 26.18, 0, 90],
		[245, "U213_16", 217.24, -284.46, "B", "SMD", "I2S_WS", "", "R", 7.87, 26.18, 0, 90],
		[246, "U213_17", 217.24, -268.71, "B", "SMD", "I2S_DO", "", "R", 7.87, 26.18, 0, 90],
		[247, "U213_18", 217.24, -252.96, "B", "SMD", "IO13", "", "R", 7.87, 26.18, 0, 90],
		[248, "U213_19", 217.24, -237.21, "B", "SMD", "IO14", "", "R", 7.87, 26.18, 0, 90],
		[249, "U213_20", 217.24, -221.46, "B", "SMD", "VCC", "", "R", 7.87, 26.18, 0, 90],
		[250, "U213_21", 217.24, -205.72, "B", "SMD", "IO15", "", "R", 7.87, 26.18, 0, 90],
		[251, "U213_22", 217.24, -189.97, "B", "SMD", "IO16", "", "R", 7.87, 26.18, 0, 90],
		[252, "U213_23", 217.24, -174.22, "B", "SMD", "IO17", "", "R", 7.87, 26.18, 0, 90],
		[253, "U213_24", 217.24, -158.47, "B", "SMD", "IO18", "", "R", 7.87, 26.18, 0, 90],
		[254, "U213_25", 217.24, -142.72, "B", "SMD", "USBDM", "", "R", 7.87, 26.18, 0, 90],
		[255, "U213_26", 217.24, -126.98, "B", "SMD", "USBDP", "", "R", 7.87, 26.18, 0, 90],
		[256, "U213_27", 217.24, -111.23, "B", "SMD", "IO21", "", "R", 7.87, 26.18, 0, 90],
		[257, "U213_28", 217.24, -95.48, "B", "SMD", "U213_28", "", "R", 7.87, 26.18, 0, 90],
		[258, "U213_29", 249.04, -63.69, "B", "SMD", "VDD_SPI", "", "R", 26.18, 7.87, 0, 90],
		[259, "U213_30", 264.78, -63.69, "B", "SMD", "SPIHD", "", "R", 26.18, 7.87, 0, 90],
		[260, "U213_31", 280.53, -63.69, "B", "SMD", "SPIWP", "", "R", 26.18, 7.87, 0, 90],
		[261, "U213_32", 296.28, -63.69, "B", "SMD", "SPICS0", "", "R", 26.18, 7.87, 0, 90],
		[262, "U213_33", 312.03, -63.69, "B", "SMD", "SPICLK", "", "R", 26.18, 7.87, 0, 90],
		[263, "U213_34", 327.78, -63.69, "B", "SMD", "SPIQ", "", "R", 26.18, 7.87, 0, 90],
		[264, "U213_35", 343.52, -63.69, "B", "SMD", "SPID", "", "R", 26.18, 7.87, 0, 90],
		[265, "U213_36", 359.27, -63.69, "B", "SMD", "CAHRGE", "", "R", 26.18, 7.87, 0, 90],
		[266, "U213_37", 375.02, -63.69, "B", "SMD", "IO47", "", "R", 26.18, 7.87, 0, 90],
		[267, "U213_38", 390.77, -63.69, "B", "SMD", "U213_38", "", "R", 26.18, 7.87, 0, 90],
		[268, "U213_39", 406.52, -63.69, "B", "SMD", "U213_39", "", "R", 26.18, 7.87, 0, 90],
		[269, "U213_40", 422.26, -63.69, "B", "SMD", "U213_40", "", "R", 26.18, 7.87, 0, 90],
		[270, "U213_41", 438.01, -63.69, "B", "SMD", "U213_41", "", "R", 26.18, 7.87, 0, 90],
		[271, "U213_42", 453.76, -63.69, "B", "SMD", "U213_42", "", "R", 26.18, 7.87, 0, 90],
		[272, "U213_43", 485.55, -95.48, "B", "SMD", "IO38", "", "R", 7.87, 26.18, 0, 90],
		[273, "U213_44", 485.55, -111.23, "B", "SMD", "IO39", "", "R", 7.87, 26.18, 0, 90],
		[274, "U213_45", 485.55, -126.98, "B", "SMD", "IO40", "", "R", 7.87, 26.18, 0, 90],
		[275, "U213_46", 485.55, -142.72, "B", "SMD", "VCC", "", "R", 7.87, 26.18, 0, 90],
		[276, "U213_47", 485.55, -158.47, "B", "SMD", "IO41", "", "R", 7.87, 26.18, 0, 90],
		[277, "U213_48", 485.55, -174.22, "B", "SMD", "IO42", "", "R", 7.87, 26.18, 0, 90],
		[278, "U213_49", 485.55, -189.97, "B", "SMD", "IO43", "", "R", 7.87, 26.18, 0, 90],
		[279, "U213_50", 485.55, -205.72, "B", "SMD", "IO44", "", "R", 7.87, 26.18, 0, 90],
		[280, "U213_51", 485.55, -221.46, "B", "SMD", "IO45", "", "R", 7.87, 26.18, 0, 90],
		[281, "U213_52", 485.55, -237.21, "B", "SMD", "IO46", "", "R", 7.87, 26.18, 0, 90],
		[282, "U213_53", 485.55, -252.96, "B", "SMD", "XTAL_N", "", "R", 7.87, 26.18, 0, 90],
		[283, "U213_54", 485.55, -268.71, "B", "SMD", "XTAL_P", "", "R", 7.87, 26.18, 0, 90],
		[284, "U213_55", 485.55, -284.46, "B", "SMD", "VCC", "", "R", 7.87, 26.18, 0, 90],
		[285, "U213_56", 485.55, -300.2, "B", "SMD", "VCC", "", "R", 7.87, 26.18, 0, 90],
		[286, "U213_57", 351.4, -197.84, "B", "SMD", "GND", "GND", "R", 157.48, 157.48, 0, 90],
		[287, "U214_1", 618.9, 141.16, "B", "SMD", "SPICS0", "", "O", 22.87, 50.22, 0, 225],
		[288, "U214_2", 583.55, 105.81, "B", "SMD", "SPIQ", "", "O", 22.87, 50.22, 0, 225],
		[289, "U214_3", 548.19, 70.45, "B", "SMD", "SPIWP", "", "O", 22.87, 50.22, 0, 225],
		[290, "U214_4", 512.84, 35.1, "B", "SMD", "GND", "GND", "O", 22.87, 50.22, 0, 225],
		[291, "U214_5", 345.1, 202.84, "B", "SMD", "SPID", "", "O", 22.87, 50.22, 0, 225],
		[292, "U214_6", 380.45, 238.19, "B", "SMD", "SPICLK", "", "O", 22.87, 50.22, 0, 225],
		[293, "U214_7", 415.81, 273.55, "B", "SMD", "SPIHD", "", "O", 22.87, 50.22, 0, 225],
		[294, "U214_8", 451.16, 308.9, "B", "SMD", "VDD_SPI", "", "O", 22.87, 50.22, 0, 225],
		[295, "U214_9", 482, 172, "B", "SMD", "GND", "GND", "R", 169.29, 133.86, 0, 225],
		[296, "U216_1", -75.94, -421.5, "T", "SMD", "IO6", "", "R", 7.87, 31.5, 0, 270],
		[297, "U216_2", -75.94, -405.75, "T", "SMD", "I2S_MCK", "", "R", 7.87, 31.5, 0, 270],
		[298, "U216_3", -75.94, -390, "T", "SMD", "AU_3V3", "", "R", 7.87, 31.5, 0, 270],
		[299, "U216_4", -75.94, -374.25, "T", "SMD", "AU_3V3", "", "R", 7.87, 31.5, 0, 270],
		[300, "U216_5", -75.94, -358.5, "T", "SMD", "AGND", "", "R", 7.87, 31.5, 0, 270],
		[301, "U216_6", -103.49, -330.95, "T", "SMD", "I2S_BCK", "", "R", 7.87, 31.5, 0, 180],
		[302, "U216_7", -119.25, -330.95, "T", "SMD", "I2S_DI", "", "R", 7.87, 31.5, 0, 180],
		[303, "U216_8", -135, -330.95, "T", "SMD", "I2S_WS", "", "R", 7.87, 31.5, 0, 180],
		[304, "U216_9", -150.74, -330.95, "T", "SMD", "I2S_DO", "", "R", 7.87, 31.5, 0, 180],
		[305, "U216_10", -166.49, -330.95, "T", "SMD", "AGND", "", "R", 7.87, 31.5, 0, 180],
		[306, "U216_11", -194.06, -358.5, "T", "SMD", "AU_3V3", "", "R", 7.87, 31.5, 0, 270],
		[307, "U216_12", -194.06, -374.25, "T", "SMD", "$1N121634", "", "R", 7.87, 31.5, 0, 270],
		[308, "U216_13", -194.06, -390, "T", "SMD", "$1N121630", "", "R", 7.87, 31.5, 0, 270],
		[309, "U216_14", -194.06, -405.75, "T", "SMD", "$1N121461", "", "R", 7.87, 31.5, 0, 270],
		[310, "U216_15", -194.06, -421.5, "T", "SMD", "VMIC", "", "R", 7.87, 31.5, 0, 270],
		[311, "U216_16", -166.49, -449.06, "T", "SMD", "$1N121499", "", "R", 7.87, 31.5, 0, 0],
		[312, "U216_17", -150.75, -449.06, "T", "SMD", "$1N121009", "", "R", 7.87, 31.5, 0, 0],
		[313, "U216_18", -135, -449.06, "T", "SMD", "$1N121004", "", "R", 7.87, 31.5, 0, 0],
		[314, "U216_19", -119.25, -449.06, "T", "SMD", "IO5", "", "R", 7.87, 31.5, 0, 0],
		[315, "U216_20", -103.51, -449.06, "T", "SMD", "AGND", "", "R", 7.87, 31.5, 0, 0],
		[316, "U216_21", -135, -390, "T", "SMD", "AGND", "", "R", 66.93, 66.93, 0, 0],
		[317, "U217_1", -495.39, -292.49, "T", "SMD", "IO4", "", "O", 14.33, 66.61, 0, 0],
		[318, "U217_2", -469.79, -292.49, "T", "SMD", "$1N122331", "", "O", 14.33, 66.61, 0, 0],
		[319, "U217_3", -444.2, -292.49, "T", "SMD", "$1N122287", "", "O", 14.33, 66.61, 0, 0],
		[320, "U217_4", -418.61, -292.49, "T", "SMD", "$1N122289", "", "O", 14.33, 66.61, 0, 0],
		[321, "U217_5", -418.61, -123.51, "T", "SMD", "SP-", "", "O", 14.33, 66.61, 0, 0],
		[322, "U217_6", -444.2, -123.51, "T", "SMD", "VSYS", "", "O", 14.33, 66.61, 0, 0],
		[323, "U217_7", -469.79, -123.51, "T", "SMD", "PGND", "", "O", 14.33, 66.61, 0, 0],
		[324, "U217_8", -495.39, -123.51, "T", "SMD", "SP+", "", "O", 14.33, 66.61, 0, 0],
		[325, "U218_1", -652.01, 242, "T", "SMD", "$1N53919", "", "R", 25.06, 21.26, 0, 0],
		[326, "U218_2", -611.99, 242, "T", "SMD", "+5V", "", "R", 25.06, 21.26, 0, 0],
		[327, "U219_1", -356.6, 301.18, "T", "SMD", "VSYS", "", "R", 43.31, 23.62, 0, 90],
		[328, "U219_2", -394, 301.18, "T", "SMD", "GND", "GND", "R", 43.31, 23.62, 0, 90],
		[329, "U219_3", -431.4, 301.18, "T", "SMD", "CE", "", "R", 43.31, 23.62, 0, 90],
		[330, "U219_4", -431.4, 198.81, "T", "SMD", "U219_4", "", "R", 43.31, 23.62, 0, 90],
		[331, "U219_5", -356.6, 198.81, "T", "SMD", "VCC", "", "R", 43.31, 23.62, 0, 90],
		[332, "U220_1", 38, 505.73, "T", "SMD", "GND", "GND", "R", 21.65, 23.62, 0, 180],
		[333, "U220_2", 4.54, 505.73, "T", "SMD", "+5V", "", "R", 21.65, 23.62, 0, 180],
		[334, "U222_1", 656.53, 350.41, "B", "SMD", "IO6", "", "R", 11.02, 19.68, 0, 270],
		[335, "U222_2", 656.53, 330.72, "B", "SMD", "$1N139255", "", "R", 11.02, 19.68, 0, 270],
		[336, "U222_3", 656.53, 311.04, "B", "SMD", "$1N139312", "", "R", 11.02, 19.68, 0, 270],
		[337, "U222_4", 656.53, 291.35, "B", "SMD", "IO5", "", "R", 11.02, 19.68, 0, 270],
		[338, "U222_5", 631.92, 286.43, "B", "SMD", "GND", "GND", "R", 19.68, 11.02, 0, 270],
		[339, "U222_6", 612.24, 286.43, "B", "SMD", "GND", "GND", "R", 19.68, 11.02, 0, 270],
		[340, "U222_7", 587.63, 291.35, "B", "SMD", "GND", "GND", "R", 11.02, 19.68, 0, 270],
		[341, "U222_8", 587.63, 311.04, "B", "SMD", "GND", "GND", "R", 11.02, 19.68, 0, 270],
		[342, "U222_9", 587.63, 330.72, "B", "SMD", "VCC", "", "R", 11.02, 19.68, 0, 270],
		[343, "U222_10", 587.63, 350.41, "B", "SMD", "VCC", "", "R", 11.02, 19.68, 0, 270],
		[344, "U222_11", 612.24, 355.33, "B", "SMD", "U222_11", "", "R", 19.68, 11.02, 0, 270],
		[345, "U222_12", 631.92, 355.33, "B", "SMD", "U222_12", "", "R", 19.68, 11.02, 0, 270],
		[346, "USB2_0", 170.28, 637.8, "T", "DIP", "GND", "GND", "O", 47.24, 70.87, 55.12, 0],
		[347, "USB2_0", 170.28, 637.8, "B", "DIP", "GND", "GND", "O", 47.24, 70.87, 55.12, 0],
		[348, "USB2_0", 170.28, 472.45, "T", "DIP", "GND", "GND", "O", 47.24, 78.74, 62.99, 0],
		[349, "USB2_0", 170.28, 472.45, "B", "DIP", "GND", "GND", "O", 47.24, 78.74, 62.99, 0],
		[350, "USB2_0", -170.28, 472.45, "T", "DIP", "GND", "GND", "O", 47.24, 78.74, 62.99, 0],
		[351, "USB2_0", -170.28, 472.45, "B", "DIP", "GND", "GND", "O", 47.24, 78.74, 62.99, 0],
		[352, "USB2_0", -170.28, 637.8, "T", "DIP", "GND", "GND", "O", 47.24, 70.87, 55.12, 0],
		[353, "USB2_0", -170.28, 637.8, "B", "DIP", "GND", "GND", "O", 47.24, 70.87, 55.12, 0],
		[354, "USB2_A1", -131.89, 442.2, "B", "SMD", "GND", "GND", "R", 11.81, 51.18, 0, 0],
		[355, "USB2_A12", 131.89, 442.2, "B", "SMD", "GND", "GND", "R", 11.81, 51.18, 0, 0],
		[356, "USB2_A4", -100.39, 442.2, "B", "SMD", "VBUS", "", "R", 11.81, 51.18, 0, 0],
		[357, "USB2_A5", -49.21, 442.2, "B", "SMD", "CC1", "", "R", 11.81, 51.18, 0, 0],
		[358, "USB2_A6", -9.84, 442.2, "B", "SMD", "USBDP", "", "R", 11.81, 51.18, 0, 0],
		[359, "USB2_A7", 9.84, 442.2, "B", "SMD", "USBDM", "", "R", 11.81, 51.18, 0, 0],
		[360, "USB2_A8", 49.2, 442.2, "B", "SMD", "USB2_A8", "", "R", 11.81, 51.18, 0, 0],
		[361, "USB2_A9", 100.4, 442.2, "B", "SMD", "VBUS", "", "R", 11.81, 51.18, 0, 0],
		[362, "USB2_B1", 120.08, 442.2, "B", "SMD", "GND", "GND", "R", 11.81, 51.18, 0, 0],
		[363, "USB2_B12", -120.08, 442.2, "B", "SMD", "GND", "GND", "R", 11.81, 51.18, 0, 0],
		[364, "USB2_B4", 88.58, 442.2, "B", "SMD", "VBUS", "", "R", 11.81, 51.18, 0, 0],
		[365, "USB2_B5", 68.9, 442.2, "B", "SMD", "CC2", "", "R", 11.81, 51.18, 0, 0],
		[366, "USB2_B6", 29.53, 442.2, "B", "SMD", "USBDP", "", "R", 11.81, 51.18, 0, 0],
		[367, "USB2_B7", -29.53, 442.2, "B", "SMD", "USBDM", "", "R", 11.81, 51.18, 0, 0],
		[368, "USB2_B8", -68.9, 442.2, "B", "SMD", "USB2_B8", "", "R", 11.81, 51.18, 0, 0],
		[369, "USB2_B9", -88.58, 442.2, "B", "SMD", "VBUS", "", "R", 11.81, 51.18, 0, 0],
		[370, "X1_1", 655.54, -107.29, "B", "SMD", "XTAL_N", "", "R", 55.12, 47.24, 0, 270],
		[371, "X1_2", 655.54, -193.91, "B", "SMD", "GND", "GND", "R", 55.12, 47.24, 0, 270],
		[372, "X1_3", 588.61, -193.91, "B", "SMD", "$1N49082", "", "R", 55.12, 47.24, 0, 270],
		[373, "X1_4", 588.61, -107.29, "B", "SMD", "GND", "GND", "R", 55.12, 47.24, 0, 270],
		[374, "PAD1_5", -390, -286, "B", "SMD", "SP-", "", "C", 70, 70, 0, 0],
		[375, "PAD2_6", -518, -287, "B", "SMD", "SP+", "", "C", 70, 70, 0, 0],
		[376, "PAD3_1", -513, 276, "B", "SMD", "VBAT", "", "C", 70, 70, 0, 0],
		[377, "PAD4_2", -578, 417, "B", "SMD", "GND", "GND", "C", 70, 70, 0, 0]
	]
}
}