{
"lengthUnit": "mil",
"components": {
	"fields": ["COMPONENT_NO", "COMPONENT_NAME", "LAYER", "X_COORDINATE", "Y_COORDINATE", "ANGLE"],
	"rows": [
		[1, "C5", "B", -402, 44, 180],
		[2, "C9", "B", 481, -609, 90],
		[3, "C200", "B", -231, 529, 90],
		[4, "C201", "B", -452, 514, 90],
		[5, "C202", "B", -484, -316, 270],
		[6, "C203", "B", -389.4, -347.69, 180],
		[7, "C204", "B", -335, 228, 90],
		[8, "C205", "B", -563, 233, 90],
		[9, "C207", "B", 440, 60, 270],
		[10, "C208", "B", 221.46, 83.54, 270],
		[11, "C209", "B", 467.21, -37.79, 0],
		[12, "C210", "B", 467.21, -82.79, 0],
		[13, "C211", "B", 240, -65, 0],
		[14, "C212", "B", 183, -436, 0],
		[15, "C213", "B", 183, -481, 0],
		[16, "C214", "B", 585, -390, 180],
		[17, "C215", "B", 590, -335, 180],
		[18, "C216", "B", 590, -290, 180],
		[19, "C217", "B", 616.46, -213.54, 90],
		[20, "C218", "B", 604, 1, 180],
		[21, "C221", "B", 367, -519, 180],
		[22, "C222", "B", 603, -123, 180],
		[23, "C223", "B", 463.62, -474.18, 90],
		[24, "C224", "B", 271, 439, 180],
		[25, "C226", "B", -617, -447, 270],
		[26, "C227", "B", -551, -448, 270],
		[27, "C228", "B", -495, -456, 270],
		[28, "CN4", "B", 0, -220, 180],
		[29, "D1", "B", -33.06, 292.11, 0],
		[30, "D200", "B", -158, 338, 90],
		[31, "D201", "B", 34, 304, 180],
		[32, "D202", "B", -373, 606, 0],
		[33, "D203", "B", 248, 644, 90],
		[34, "D204", "B", -283, 191, 270],
		[35, "FPC1", "B", -413, -67, 90],
		[36, "L1", "B", 570, -215, 90],
		[37, "LED201", "B", -435, 335, 0],
		[38, "LED202", "B", 318, -610, 0],
		[39, "MX1", "B", 0, 0, 180],
		[40, "Q200", "B", -266, 319, 0],
		[41, "Q201", "B", -205, -100, 180],
		[42, "R8", "B", 527, -448, 180],
		[43, "R201", "B", -524, -221, 90],
		[44, "R202", "B", -570, -221, 90],
		[45, "R204", "B", -479, -221, 270],
		[46, "R205", "B", -311, 412, 0],
		[47, "R206", "B", -409, 406, 180],
		[48, "R207", "B", -103, 351, 90],
		[49, "R208", "B", 375, -40, 270],
		[50, "R209", "B", 582, -61, 270],
		[51, "R211", "B", -245, -210, 90],
		[52, "R212", "B", -200, -210, 90],
		[53, "R213", "B", -80, -110, 0],
		[54, "R214", "B", -57, 351, 270],
		[55, "R215", "B", 96, 366, 0],
		[56, "R216", "B", -395, 90, 0],
		[57, "R217", "B", -396, 136, 180],
		[58, "R218", "B", 525, -230, 270],
		[59, "R219", "B", -219, -353, 0],
		[60, "SW1", "B", 331, 534.49, 0],
		[61, "SW203", "B", 380, 677.17, 180],
		[62, "SW204", "B", -380, 677.17, 180],
		[63, "SW205", "B", -607, 0, 90],
		[64, "U200", "B", -343.5, 507.5, 180],
		[65, "U201", "B", -388, -265, 180],
		[66, "U202", "B", -450, 219, 270],
		[67, "U205", "B", 332.86, -262.15, 180],
		[68, "U207", "B", -279, -488, 270],
		[69, "U208", "B", 600.98, 220, 90],
		[70, "USB2", "B", 0, 540, 0],
		[71, "X1", "B", 330, 70, 0],
		[72, "PAD1", "B", -608, -335, 0],
		[73, "PAD2", "B", -455, -579, 0],
		[74, "PAD3", "B", -621, 455, 0],
		[75, "PAD4", "B", -617, 340, 0]
	]
},
"pins": {
	"fields": ["PIN_NO", "PIN_NAME", "PIN_X", "PIN_Y", "LAYER", "PIN_TYPE", "NET_NAME", "NET_TYPE", "PAD_SHAPE", "PAD_SIZEX", "PAD_SIZEY", "HOLE_SIZE", "PAD_ANGLE"],
	"rows": [
		[1, "C5_1", -380.54, 44, "B", "SMD", "BAT_ADC", "", "R", 31.11, 21.26, 0, 180],
		[2, "C5_2", -423.46, 44, "B", "SMD", "GND", "GND", "R", 31.11, 21.26, 0, 180],
		[3, "C9_1", 481, -630.46, "B", "SMD", "IO16", "", "R", 31.11, 21.26, 0, 90],
		[4, "C9_2", 481, -587.54, "B", "SMD", "GND", "GND", "R", 31.11, 21.26, 0, 90],
		[5, "C200_1", -231, 501.44, "B", "SMD", "GND", "GND", "R", 31.5, 35.43, 0, 90],
		[6, "C200_2", -231, 556.56, "B", "SMD", "+5V", "", "R", 31.5, 35.43, 0, 90],
		[7, "C201_1", -452, 486.44, "B", "SMD", "GND", "GND", "R", 31.5, 35.43, 0, 90],
		[8, "C201_2", -452, 541.56, "B", "SMD", "VBAT", "", "R", 31.5, 35.43, 0, 90],
		[9, "C202_1", -484, -294.54, "B", "SMD", "VCC", "", "R", 31.11, 21.26, 0, 270],
		[10, "C202_2", -484, -337.46, "B", "SMD", "GND", "GND", "R", 31.11, 21.26, 0, 270],
		[11, "C203_1", -367.93, -347.69, "B", "SMD", "VCC", "", "R", 31.11, 21.26, 0, 180],
		[12, "C203_2", -410.86, -347.69, "B", "SMD", "GND", "GND", "R", 31.11, 21.26, 0, 180],
		[13, "C204_1", -335, 200.44, "B", "SMD", "GND", "GND", "R", 31.5, 35.43, 0, 90],
		[14, "C204_2", -335, 255.56, "B", "SMD", "VSYS", "", "R", 31.5, 35.43, 0, 90],
		[15, "C205_1", -563, 205.44, "B", "SMD", "GND", "GND", "R", 31.5, 35.43, 0, 90],
		[16, "C205_2", -563, 260.56, "B", "SMD", "VCC", "", "R", 31.5, 35.43, 0, 90],
		[17, "C207_1", 440, 81.46, "B", "SMD", "GND", "GND", "R", 31.11, 21.26, 0, 270],
		[18, "C207_2", 440, 38.54, "B", "SMD", "$1N49082", "", "R", 31.11, 21.26, 0, 270],
		[19, "C208_1", 221.46, 105, "B", "SMD", "XTAL_N", "", "R", 31.11, 21.26, 0, 270],
		[20, "C208_2", 221.46, 62.08, "B", "SMD", "GND", "GND", "R", 31.11, 21.26, 0, 270],
		[21, "C209_1", 445.75, -37.79, "B", "SMD", "VCC", "", "R", 31.11, 21.26, 0, 0],
		[22, "C209_2", 488.67, -37.79, "B", "SMD", "GND", "GND", "R", 31.11, 21.26, 0, 0],
		[23, "C210_1", 445.75, -82.79, "B", "SMD", "VCC", "", "R", 31.11, 21.26, 0, 0],
		[24, "C210_2", 488.67, -82.79, "B", "SMD", "GND", "GND", "R", 31.11, 21.26, 0, 0],
		[25, "C211_1", 218.54, -65, "B", "SMD", "GND", "GND", "R", 31.11, 21.26, 0, 0],
		[26, "C211_2", 261.46, -65, "B", "SMD", "VCC", "", "R", 31.11, 21.26, 0, 0],
		[27, "C212_1", 161.54, -436, "B", "SMD", "GND", "GND", "R", 31.11, 21.26, 0, 0],
		[28, "C212_2", 204.46, -436, "B", "SMD", "VDD_SPI", "", "R", 31.11, 21.26, 0, 0],
		[29, "C213_1", 161.54, -481, "B", "SMD", "GND", "GND", "R", 31.11, 21.26, 0, 0],
		[30, "C213_2", 204.46, -481, "B", "SMD", "VDD_SPI", "", "R", 31.11, 21.26, 0, 0],
		[31, "C214_1", 612.56, -390, "B", "SMD", "GND", "GND", "R", 31.5, 35.43, 0, 180],
		[32, "C214_2", 557.44, -390, "B", "SMD", "VCC", "", "R", 31.5, 35.43, 0, 180],
		[33, "C215_1", 611.46, -335, "B", "SMD", "GND", "GND", "R", 31.11, 21.26, 0, 180],
		[34, "C215_2", 568.54, -335, "B", "SMD", "VCC", "", "R", 31.11, 21.26, 0, 180],
		[35, "C216_1", 611.46, -290, "B", "SMD", "GND", "GND", "R", 31.11, 21.26, 0, 180],
		[36, "C216_2", 568.54, -290, "B", "SMD", "VCC", "", "R", 31.11, 21.26, 0, 180],
		[37, "C217_1", 616.46, -235, "B", "SMD", "GND", "GND", "R", 31.11, 21.26, 0, 90],
		[38, "C217_2", 616.46, -192.08, "B", "SMD", "$1N49891", "", "R", 31.11, 21.26, 0, 90],
		[39, "C218_1", 625.46, 1, "B", "SMD", "GND", "GND", "R", 31.11, 21.26, 0, 180],
		[40, "C218_2", 582.54, 1, "B", "SMD", "$1N50292", "", "R", 31.11, 21.26, 0, 180],
		[41, "C221_1", 388.46, -519, "B", "SMD", "GND", "GND", "R", 31.11, 21.26, 0, 180],
		[42, "C221_2", 345.54, -519, "B", "SMD", "VCC", "", "R", 31.11, 21.26, 0, 180],
		[43, "C222_1", 624.46, -123, "B", "SMD", "GND", "GND", "R", 31.11, 21.26, 0, 180],
		[44, "C222_2", 581.54, -123, "B", "SMD", "$1N50074", "", "R", 31.11, 21.26, 0, 180],
		[45, "C223_1", 463.62, -495.64, "B", "SMD", "GND", "GND", "R", 31.11, 21.26, 0, 90],
		[46, "C223_2", 463.62, -452.72, "B", "SMD", "IO6", "", "R", 31.11, 21.26, 0, 90],
		[47, "C224_1", 292.46, 439, "B", "SMD", "GND", "GND", "R", 31.11, 21.26, 0, 180],
		[48, "C224_2", 249.54, 439, "B", "SMD", "EN", "", "R", 31.11, 21.26, 0, 180],
		[49, "C226_1", -617, -419.44, "B", "SMD", "GND", "GND", "R", 31.5, 35.43, 0, 270],
		[50, "C226_2", -617, -474.56, "B", "SMD", "VSYS", "", "R", 31.5, 35.43, 0, 270],
		[51, "C227_1", -551, -420.44, "B", "SMD", "GND", "GND", "R", 31.5, 35.43, 0, 270],
		[52, "C227_2", -551, -475.56, "B", "SMD", "VSYS", "", "R", 31.5, 35.43, 0, 270],
		[53, "C228_1", -495, -434.54, "B", "SMD", "GND", "GND", "R", 31.11, 21.26, 0, 270],
		[54, "C228_2", -495, -477.46, "B", "SMD", "VSYS", "", "R", 31.11, 21.26, 0, 270],
		[55, "CN4_1", 108.27, -170.79, "B", "SMD", "GND", "GND", "R", 11.81, 31.5, 0, 180],
		[56, "CN4_2", 88.58, -170.79, "B", "SMD", "$1N50825", "", "R", 11.81, 31.5, 0, 180],
		[57, "CN4_3", 68.89, -170.79, "B", "SMD", "VCC", "", "R", 11.81, 31.5, 0, 180],
		[58, "CN4_4", 49.21, -170.79, "B", "SMD", "VCC", "", "R", 11.81, 31.5, 0, 180],
		[59, "CN4_5", 29.52, -170.79, "B", "SMD", "GND", "GND", "R", 11.81, 31.5, 0, 180],
		[60, "CN4_6", 9.85, -170.79, "B", "SMD", "GND", "GND", "R", 11.81, 31.5, 0, 180],
		[61, "CN4_7", -9.85, -170.79, "B", "SMD", "IO38", "", "R", 11.81, 31.5, 0, 180],
		[62, "CN4_8", -29.52, -170.79, "B", "SMD", "IO9", "", "R", 11.81, 31.5, 0, 180],
		[63, "CN4_9", -49.21, -170.79, "B", "SMD", "IO5", "", "R", 11.81, 31.5, 0, 180],
		[64, "CN4_10", -68.89, -170.79, "B", "SMD", "IO4", "", "R", 11.81, 31.5, 0, 180],
		[65, "CN4_11", -88.58, -170.79, "B", "SMD", "IO10", "", "R", 11.81, 31.5, 0, 180],
		[66, "CN4_12", -108.27, -170.79, "B", "SMD", "GND", "GND", "R", 11.81, 31.5, 0, 180],
		[67, "CN4_13", -147.64, -275.12, "B", "SMD", "GND", "GND", "R", 31.5, 43.31, 0, 180],
		[68, "CN4_14", 147.64, -275.12, "B", "SMD", "GND", "GND", "R", 31.5, 43.31, 0, 180],
		[69, "D1_1", -49.79, 292.11, "B", "SMD", "GND", "GND", "R", 21.65, 23.62, 0, 0],
		[70, "D1_2", -16.33, 292.11, "B", "SMD", "USBDM", "", "R", 21.65, 23.62, 0, 0],
		[71, "D200_1", -158, 291.83, "B", "SMD", "VSYS", "", "R", 39.37, 29.53, 0, 90],
		[72, "D200_2", -158, 384.16, "B", "SMD", "+5V", "", "R", 39.37, 29.53, 0, 90],
		[73, "D201_1", 50.73, 304, "B", "SMD", "GND", "GND", "R", 21.65, 23.62, 0, 180],
		[74, "D201_2", 17.27, 304, "B", "SMD", "USBDP", "", "R", 21.65, 23.62, 0, 180],
		[75, "D202_1", -389.73, 606, "B", "SMD", "IO0", "", "R", 21.65, 23.62, 0, 0],
		[76, "D202_2", -356.27, 606, "B", "SMD", "GND", "GND", "R", 21.65, 23.62, 0, 0],
		[77, "D203_1", 248, 627.27, "B", "SMD", "IO39", "", "R", 21.65, 23.62, 0, 90],
		[78, "D203_2", 248, 660.73, "B", "SMD", "GND", "GND", "R", 21.65, 23.62, 0, 90],
		[79, "D204_1", -283, 207.73, "B", "SMD", "GND", "GND", "R", 21.65, 23.62, 0, 270],
		[80, "D204_2", -283, 174.27, "B", "SMD", "IO11", "", "R", 21.65, 23.62, 0, 270],
		[81, "FPC1_1", -462.21, -37.47, "B", "SMD", "GND", "GND", "R", 11.81, 31.5, 0, 270],
		[82, "FPC1_2", -462.21, -57.16, "B", "SMD", "VCC", "", "R", 11.81, 31.5, 0, 270],
		[83, "FPC1_3", -462.21, -76.84, "B", "SMD", "IO35", "", "R", 11.81, 31.5, 0, 270],
		[84, "FPC1_4", -462.21, -96.53, "B", "SMD", "IO36", "", "R", 11.81, 31.5, 0, 270],
		[85, "FPC1_5", -363.79, -135.9, "B", "SMD", "GND", "GND", "R", 15.75, 31.5, 0, 270],
		[86, "FPC1_6", -363.79, 1.9, "B", "SMD", "GND", "GND", "R", 15.75, 31.5, 0, 270],
		[87, "L1_1", 570, -236.46, "B", "SMD", "VCC", "", "R", 31.11, 21.26, 0, 90],
		[88, "L1_2", 570, -193.54, "B", "SMD", "$1N49891", "", "R", 31.11, 21.26, 0, 90],
		[89, "LED201_1", -500, 335, "B", "SMD", "$1N53919", "", "R", 39.37, 60, 0, 0],
		[90, "LED201_2", -370, 335, "B", "SMD", "+5V", "", "R", 39.37, 60, 0, 0],
		[91, "LED202_1", 420.36, -639.53, "B", "SMD", "IO16", "", "R", 32.28, 47.24, 0, 270],
		[92, "LED202_2", 420.36, -580.47, "B", "SMD", "LED202_2", "", "R", 32.28, 47.24, 0, 270],
		[93, "LED202_3", 215.64, -580.47, "B", "SMD", "GND", "GND", "R", 32.28, 47.24, 0, 270],
		[94, "LED202_4", 215.64, -639.53, "B", "SMD", "IO17", "", "R", 32.28, 47.24, 0, 270],
		[95, "MX1_COL", -300, 100, "B", "SMD", "IO11", "", "R", 100.4, 98.4, 0, 0],
		[96, "MX1_ROW", 250, 200, "B", "SMD", "GND", "GND", "R", 100.4, 98.4, 0, 0],
		[97, "Q200_1", -220.72, 356.4, "B", "SMD", "+5V", "", "R", 39.37, 31.5, 0, 180],
		[98, "Q200_2", -220.72, 281.6, "B", "SMD", "VSYS", "", "R", 39.37, 31.5, 0, 180],
		[99, "Q200_3", -311.28, 319, "B", "SMD", "VBAT", "", "R", 39.37, 31.5, 0, 180],
		[100, "Q201_1", -244.37, -137.4, "B", "SMD", "$1N50828", "", "R", 49.21, 27.56, 0, 180],
		[101, "Q201_2", -244.37, -62.6, "B", "SMD", "GND", "GND", "R", 49.21, 27.56, 0, 180],
		[102, "Q201_3", -165.63, -100, "B", "SMD", "LEDK", "", "R", 49.21, 27.56, 0, 180],
		[103, "R8_1", 544.04, -448, "B", "SMD", "GND", "GND", "R", 22.27, 21.26, 0, 180],
		[104, "R8_2", 509.96, -448, "B", "SMD", "IO6", "", "R", 22.27, 21.26, 0, 180],
		[105, "R201_1", -524, -238.04, "B", "SMD", "VCC", "", "R", 22.27, 21.26, 0, 90],
		[106, "R201_2", -524, -203.96, "B", "SMD", "IO36", "", "R", 22.27, 21.26, 0, 90],
		[107, "R202_1", -570, -238.04, "B", "SMD", "VCC", "", "R", 22.27, 21.26, 0, 90],
		[108, "R202_2", -570, -203.96, "B", "SMD", "IO35", "", "R", 22.27, 21.26, 0, 90],
		[109, "R204_1", -479, -203.96, "B", "SMD", "$1N25979", "", "R", 22.27, 21.26, 0, 270],
		[110, "R204_2", -479, -238.04, "B", "SMD", "VCC", "", "R", 22.27, 21.26, 0, 270],
		[111, "R205_1", -328.04, 412, "B", "SMD", "GND", "GND", "R", 22.27, 21.26, 0, 0],
		[112, "R205_2", -293.96, 412, "B", "SMD", "$1N3346", "", "R", 22.27, 21.26, 0, 0],
		[113, "R206_1", -391.96, 406, "B", "SMD", "STATE_CHARGE", "", "R", 22.27, 21.26, 0, 180],
		[114, "R206_2", -426.04, 406, "B", "SMD", "$1N53919", "", "R", 22.27, 21.26, 0, 180],
		[115, "R207_1", -103, 333.96, "B", "SMD", "GND", "GND", "R", 22.27, 21.26, 0, 90],
		[116, "R207_2", -103, 368.04, "B", "SMD", "+5V", "", "R", 22.27, 21.26, 0, 90],
		[117, "R208_1", 375, -22.96, "B", "SMD", "$1N49082", "", "R", 22.27, 21.26, 0, 270],
		[118, "R208_2", 375, -57.04, "B", "SMD", "XTAL_P", "", "R", 22.27, 21.26, 0, 270],
		[119, "R209_1", 582, -43.96, "B", "SMD", "$1N50292", "", "R", 22.27, 21.26, 0, 270],
		[120, "R209_2", 582, -78.04, "B", "SMD", "$1N50074", "", "R", 22.27, 21.26, 0, 270],
		[121, "R211_1", -245, -227.04, "B", "SMD", "GND", "GND", "R", 22.27, 21.26, 0, 90],
		[122, "R211_2", -245, -192.96, "B", "SMD", "$1N50828", "", "R", 22.27, 21.26, 0, 90],
		[123, "R212_1", -200, -227.04, "B", "SMD", "IO37", "", "R", 22.27, 21.26, 0, 90],
		[124, "R212_2", -200, -192.96, "B", "SMD", "$1N50828", "", "R", 22.27, 21.26, 0, 90],
		[125, "R213_1", -97.04, -110, "B", "SMD", "LEDK", "", "R", 22.27, 21.26, 0, 0],
		[126, "R213_2", -62.96, -110, "B", "SMD", "$1N50825", "", "R", 22.27, 21.26, 0, 0],
		[127, "R214_1", -57, 368.04, "B", "SMD", "CC1", "", "R", 22.27, 21.26, 0, 270],
		[128, "R214_2", -57, 333.96, "B", "SMD", "GND", "GND", "R", 22.27, 21.26, 0, 270],
		[129, "R215_1", 78.96, 366, "B", "SMD", "CC2", "", "R", 22.27, 21.26, 0, 0],
		[130, "R215_2", 113.04, 366, "B", "SMD", "GND", "GND", "R", 22.27, 21.26, 0, 0],
		[131, "R216_1", -412.04, 90, "B", "SMD", "GND", "GND", "R", 22.27, 21.26, 0, 0],
		[132, "R216_2", -377.96, 90, "B", "SMD", "BAT_ADC", "", "R", 22.27, 21.26, 0, 0],
		[133, "R217_1", -378.96, 136, "B", "SMD", "BAT_ADC", "", "R", 22.27, 21.26, 0, 180],
		[134, "R217_2", -413.04, 136, "B", "SMD", "CE", "", "R", 22.27, 21.26, 0, 180],
		[135, "R218_1", 525, -212.96, "B", "SMD", "EN", "", "R", 22.27, 21.26, 0, 270],
		[136, "R218_2", 525, -247.04, "B", "SMD", "VCC", "", "R", 22.27, 21.26, 0, 270],
		[137, "R219_1", -236.04, -353, "B", "SMD", "GND", "GND", "R", 22.27, 21.26, 0, 0],
		[138, "R219_2", -201.96, -353, "B", "SMD", "AUDIO_SD", "", "R", 22.27, 21.26, 0, 0],
		[139, "SW1_1", 244.38, 534.49, "B", "SMD", "EN", "", "R", 53.15, 78.74, 0, 0],
		[140, "SW1_2", 417.62, 534.49, "B", "SMD", "GND", "GND", "R", 53.15, 78.74, 0, 0],
		[141, "SW203_1", 445.94, 641.05, "B", "SMD", "GND", "GND", "R", 31.5, 55.12, 0, 180],
		[142, "SW203_2", 314.05, 641.05, "B", "SMD", "IO39", "", "R", 31.5, 55.12, 0, 180],
		[143, "SW203_3", 468.58, 713.29, "B", "SMD", "GND", "GND", "R", 31.5, 43.31, 0, 180],
		[144, "SW203_4", 291.42, 713.29, "B", "SMD", "GND", "GND", "R", 31.5, 43.31, 0, 180],
		[145, "SW204_1", -314.06, 641.05, "B", "SMD", "GND", "GND", "R", 31.5, 55.12, 0, 180],
		[146, "SW204_2", -445.95, 641.05, "B", "SMD", "IO0", "", "R", 31.5, 55.12, 0, 180],
		[147, "SW204_3", -291.42, 713.29, "B", "SMD", "GND", "GND", "R", 31.5, 43.31, 0, 180],
		[148, "SW204_4", -468.58, 713.29, "B", "SMD", "GND", "GND", "R", 31.5, 43.31, 0, 180],
		[149, "SW205_1", -540.07, -88.58, "B", "SMD", "GND", "GND", "R", 60, 23.62, 0, 0],
		[150, "SW205_2", -540.07, 29.53, "B", "SMD", "CE", "", "R", 60, 23.62, 0, 0],
		[151, "SW205_3", -540.07, 88.58, "B", "SMD", "VSYS", "", "R", 60, 23.62, 0, 0],
		[152, "SW205_4", -583.38, 141.73, "B", "SMD", "GND", "GND", "R", 47.24, 27.56, 0, 270],
		[153, "SW205_4", -673.93, 141.73, "B", "SMD", "GND", "GND", "R", 47.24, 27.56, 0, 270],
		[154, "SW205_4", -673.93, -141.73, "B", "SMD", "GND", "GND", "R", 47.24, 27.56, 0, 270],
		[155, "SW205_4", -583.38, -141.73, "B", "SMD", "GND", "GND", "R", 47.24, 27.56, 0, 270],
		[156, "U200_1", -386.81, 470.1, "B", "SMD", "STATE_CHARGE", "", "R", 23.62, 39.37, 0, 90],
		[157, "U200_2", -386.81, 507.49, "B", "SMD", "GND", "GND", "R", 23.62, 39.37, 0, 90],
		[158, "U200_3", -386.81, 544.89, "B", "SMD", "VBAT", "", "R", 23.62, 39.37, 0, 90],
		[159, "U200_4", -300.19, 544.9, "B", "SMD", "+5V", "", "R", 23.62, 39.37, 0, 90],
		[160, "U200_5", -300.19, 470.09, "B", "SMD", "$1N3346", "", "R", 23.62, 39.37, 0, 90],
		[161, "U201_1", -338.32, -235.47, "B", "SMD", "GND", "GND", "R", 26.57, 11.02, 0, 180],
		[162, "U201_2", -338.32, -255.16, "B", "SMD", "GND", "GND", "R", 26.57, 11.02, 0, 180],
		[163, "U201_3", -338.32, -274.84, "B", "SMD", "GND", "GND", "R", 26.57, 11.02, 0, 180],
		[164, "U201_4", -338.32, -294.53, "B", "SMD", "LSM_INT", "", "R", 26.57, 11.02, 0, 180],
		[165, "U201_5", -368.32, -304.86, "B", "SMD", "VCC", "", "R", 11.02, 26.57, 0, 180],
		[166, "U201_6", -388, -304.86, "B", "SMD", "GND", "GND", "R", 11.02, 26.57, 0, 180],
		[167, "U201_7", -407.69, -304.86, "B", "SMD", "GND", "GND", "R", 11.02, 26.57, 0, 180],
		[168, "U201_8", -437.69, -294.53, "B", "SMD", "VCC", "", "R", 26.57, 11.02, 0, 180],
		[169, "U201_9", -437.69, -274.84, "B", "SMD", "U201_9", "", "R", 26.57, 11.02, 0, 180],
		[170, "U201_10", -437.69, -255.16, "B", "SMD", "U201_10", "", "R", 26.57, 11.02, 0, 180],
		[171, "U201_11", -437.69, -235.47, "B", "SMD", "U201_11", "", "R", 26.57, 11.02, 0, 180],
		[172, "U201_12", -407.69, -225.14, "B", "SMD", "$1N25979", "", "R", 11.02, 26.57, 0, 180],
		[173, "U201_13", -388, -225.14, "B", "SMD", "IO36", "", "R", 11.02, 26.57, 0, 180],
		[174, "U201_14", -368.32, -225.14, "B", "SMD", "IO35", "", "R", 11.02, 26.57, 0, 180],
		[175, "U202_1", -398.82, 256.39, "B", "SMD", "VSYS", "", "R", 24.5, 43.5, 0, 270],
		[176, "U202_2", -398.82, 219.02, "B", "SMD", "GND", "GND", "R", 24.5, 43.5, 0, 270],
		[177, "U202_3", -398.82, 181.61, "B", "SMD", "CE", "", "R", 24.5, 43.5, 0, 270],
		[178, "U202_4", -501.18, 181.61, "B", "SMD", "U202_4", "", "R", 24.5, 43.5, 0, 270],
		[179, "U202_5", -501.18, 256.39, "B", "SMD", "VCC", "", "R", 24.5, 43.5, 0, 270],
		[180, "U205_1", 467.01, -159.79, "B", "SMD", "$1N50074", "", "R", 26.18, 7.87, 0, 180],
		[181, "U205_2", 467.01, -175.54, "B", "SMD", "$1N49891", "", "R", 26.18, 7.87, 0, 180],
		[182, "U205_3", 467.01, -191.29, "B", "SMD", "$1N49891", "", "R", 26.18, 7.87, 0, 180],
		[183, "U205_4", 467.01, -207.03, "B", "SMD", "EN", "", "R", 26.18, 7.87, 0, 180],
		[184, "U205_5", 467.01, -222.78, "B", "SMD", "IO0", "", "R", 26.18, 7.87, 0, 180],
		[185, "U205_6", 467.01, -238.53, "B", "SMD", "IO1", "", "R", 26.18, 7.87, 0, 180],
		[186, "U205_7", 467.01, -254.28, "B", "SMD", "IO2", "", "R", 26.18, 7.87, 0, 180],
		[187, "U205_8", 467.01, -270.03, "B", "SMD", "IO3", "", "R", 26.18, 7.87, 0, 180],
		[188, "U205_9", 467.01, -285.77, "B", "SMD", "IO4", "", "R", 26.18, 7.87, 0, 180],
		[189, "U205_10", 467.01, -301.52, "B", "SMD", "IO5", "", "R", 26.18, 7.87, 0, 180],
		[190, "U205_11", 467.01, -317.27, "B", "SMD", "IO6", "", "R", 26.18, 7.87, 0, 180],
		[191, "U205_12", 467.01, -333.02, "B", "SMD", "BAT_ADC", "", "R", 26.18, 7.87, 0, 180],
		[192, "U205_13", 467.01, -348.77, "B", "SMD", "IO8", "", "R", 26.18, 7.87, 0, 180],
		[193, "U205_14", 467.01, -364.51, "B", "SMD", "IO9", "", "R", 26.18, 7.87, 0, 180],
		[194, "U205_15", 435.21, -396.31, "B", "SMD", "IO10", "", "R", 7.87, 26.18, 0, 180],
		[195, "U205_16", 419.47, -396.31, "B", "SMD", "IO11", "", "R", 7.87, 26.18, 0, 180],
		[196, "U205_17", 403.72, -396.31, "B", "SMD", "AUDIO_SD", "", "R", 7.87, 26.18, 0, 180],
		[197, "U205_18", 387.97, -396.31, "B", "SMD", "I2S_DATA", "", "R", 7.87, 26.18, 0, 180],
		[198, "U205_19", 372.22, -396.31, "B", "SMD", "I2S_BCK", "", "R", 7.87, 26.18, 0, 180],
		[199, "U205_20", 356.47, -396.31, "B", "SMD", "VCC", "", "R", 7.87, 26.18, 0, 180],
		[200, "U205_21", 340.73, -396.31, "B", "SMD", "I2S_WS", "", "R", 7.87, 26.18, 0, 180],
		[201, "U205_22", 324.98, -396.31, "B", "SMD", "IO16", "", "R", 7.87, 26.18, 0, 180],
		[202, "U205_23", 309.23, -396.31, "B", "SMD", "IO17", "", "R", 7.87, 26.18, 0, 180],
		[203, "U205_24", 293.48, -396.31, "B", "SMD", "IO18", "", "R", 7.87, 26.18, 0, 180],
		[204, "U205_25", 277.73, -396.31, "B", "SMD", "USBDM", "", "R", 7.87, 26.18, 0, 180],
		[205, "U205_26", 261.99, -396.31, "B", "SMD", "USBDP", "", "R", 7.87, 26.18, 0, 180],
		[206, "U205_27", 246.24, -396.31, "B", "SMD", "IO21", "", "R", 7.87, 26.18, 0, 180],
		[207, "U205_28", 230.49, -396.31, "B", "SMD", "IO26", "", "R", 7.87, 26.18, 0, 180],
		[208, "U205_29", 198.7, -364.51, "B", "SMD", "VDD_SPI", "", "R", 26.18, 7.87, 0, 180],
		[209, "U205_30", 198.7, -348.77, "B", "SMD", "U205_30", "", "R", 26.18, 7.87, 0, 180],
		[210, "U205_31", 198.7, -333.02, "B", "SMD", "U205_31", "", "R", 26.18, 7.87, 0, 180],
		[211, "U205_32", 198.7, -317.27, "B", "SMD", "U205_32", "", "R", 26.18, 7.87, 0, 180],
		[212, "U205_33", 198.7, -301.52, "B", "SMD", "U205_33", "", "R", 26.18, 7.87, 0, 180],
		[213, "U205_34", 198.7, -285.77, "B", "SMD", "U205_34", "", "R", 26.18, 7.87, 0, 180],
		[214, "U205_35", 198.7, -270.03, "B", "SMD", "U205_35", "", "R", 26.18, 7.87, 0, 180],
		[215, "U205_36", 198.7, -254.28, "B", "SMD", "IO48", "", "R", 26.18, 7.87, 0, 180],
		[216, "U205_37", 198.7, -238.53, "B", "SMD", "IO47", "", "R", 26.18, 7.87, 0, 180],
		[217, "U205_38", 198.7, -222.78, "B", "SMD", "IO33", "", "R", 26.18, 7.87, 0, 180],
		[218, "U205_39", 198.7, -207.03, "B", "SMD", "IO34", "", "R", 26.18, 7.87, 0, 180],
		[219, "U205_40", 198.7, -191.29, "B", "SMD", "IO35", "", "R", 26.18, 7.87, 0, 180],
		[220, "U205_41", 198.7, -175.54, "B", "SMD", "IO36", "", "R", 26.18, 7.87, 0, 180],
		[221, "U205_42", 198.7, -159.79, "B", "SMD", "IO37", "", "R", 26.18, 7.87, 0, 180],
		[222, "U205_43", 230.49, -128, "B", "SMD", "IO38", "", "R", 7.87, 26.18, 0, 180],
		[223, "U205_44", 246.24, -128, "B", "SMD", "IO39", "", "R", 7.87, 26.18, 0, 180],
		[224, "U205_45", 261.99, -128, "B", "SMD", "IO40", "", "R", 7.87, 26.18, 0, 180],
		[225, "U205_46", 277.73, -128, "B", "SMD", "VCC", "", "R", 7.87, 26.18, 0, 180],
		[226, "U205_47", 293.48, -128, "B", "SMD", "IO41", "", "R", 7.87, 26.18, 0, 180],
		[227, "U205_48", 309.23, -128, "B", "SMD", "IO42", "", "R", 7.87, 26.18, 0, 180],
		[228, "U205_49", 324.98, -128, "B", "SMD", "IO43", "", "R", 7.87, 26.18, 0, 180],
		[229, "U205_50", 340.73, -128, "B", "SMD", "IO44", "", "R", 7.87, 26.18, 0, 180],
		[230, "U205_51", 356.47, -128, "B", "SMD", "IO45", "", "R", 7.87, 26.18, 0, 180],
		[231, "U205_52", 372.22, -128, "B", "SMD", "IO46", "", "R", 7.87, 26.18, 0, 180],
		[232, "U205_53", 387.97, -128, "B", "SMD", "XTAL_N", "", "R", 7.87, 26.18, 0, 180],
		[233, "U205_54", 403.72, -128, "B", "SMD", "XTAL_P", "", "R", 7.87, 26.18, 0, 180],
		[234, "U205_55", 419.47, -128, "B", "SMD", "VCC", "", "R", 7.87, 26.18, 0, 180],
		[235, "U205_56", 435.21, -128, "B", "SMD", "VCC", "", "R", 7.87, 26.18, 0, 180],
		[236, "U205_57", 332.85, -262.15, "B", "SMD", "GND", "GND", "R", 157.48, 157.48, 0, 180],
		[237, "U207_1", -173.39, -413, "B", "SMD", "AUDIO_SD", "", "O", 24.8, 73.42, 0, 270],
		[238, "U207_2", -173.39, -463, "B", "SMD", "I2S_WS", "", "O", 24.8, 73.42, 0, 270],
		[239, "U207_3", -173.39, -513, "B", "SMD", "I2S_BCK", "", "O", 24.8, 73.42, 0, 270],
		[240, "U207_4", -173.39, -563, "B", "SMD", "I2S_DATA", "", "O", 24.8, 73.42, 0, 270],
		[241, "U207_5", -384.61, -563, "B", "SMD", "NS_N", "", "O", 24.8, 73.42, 0, 270],
		[242, "U207_6", -384.61, -513, "B", "SMD", "VSYS", "", "O", 24.8, 73.42, 0, 270],
		[243, "U207_7", -384.61, -463, "B", "SMD", "GND", "GND", "O", 24.8, 73.42, 0, 270],
		[244, "U207_8", -384.61, -413, "B", "SMD", "NS_P", "", "O", 24.8, 73.42, 0, 270],
		[245, "U207_9", -279, -488, "B", "SMD", "GND", "GND", "R", 129.92, 94.49, 0, 270],
		[246, "U208_1", 600.98, 114.09, "B", "SMD", "$1N50292", "", "R", 59.05, 86.61, 0, 90],
		[247, "U208_2", 600.98, 325.91, "B", "SMD", "U208_2", "", "R", 59.05, 86.61, 0, 90],
		[248, "USB2_0", 170.28, 637.8, "T", "DIP", "GND", "GND", "O", 47.24, 70.87, 55.12, 0],
		[249, "USB2_0", 170.28, 637.8, "B", "DIP", "GND", "GND", "O", 47.24, 70.87, 55.12, 0],
		[250, "USB2_0", 170.28, 472.45, "T", "DIP", "GND", "GND", "O", 47.24, 78.74, 62.99, 0],
		[251, "USB2_0", 170.28, 472.45, "B", "DIP", "GND", "GND", "O", 47.24, 78.74, 62.99, 0],
		[252, "USB2_0", -170.28, 472.45, "T", "DIP", "GND", "GND", "O", 47.24, 78.74, 62.99, 0],
		[253, "USB2_0", -170.28, 472.45, "B", "DIP", "GND", "GND", "O", 47.24, 78.74, 62.99, 0],
		[254, "USB2_0", -170.28, 637.8, "T", "DIP", "GND", "GND", "O", 47.24, 70.87, 55.12, 0],
		[255, "USB2_0", -170.28, 637.8, "B", "DIP", "GND", "GND", "O", 47.24, 70.87, 55.12, 0],
		[256, "USB2_A1", -131.89, 442.2, "B", "SMD", "GND", "GND", "R", 11.81, 51.18, 0, 0],
		[257, "USB2_A12", 131.89, 442.2, "B", "SMD", "GND", "GND", "R", 11.81, 51.18, 0, 0],
		[258, "USB2_A4", -100.39, 442.2, "B", "SMD", "+5V", "", "R", 11.81, 51.18, 0, 0],
		[259, "USB2_A5", -49.21, 442.2, "B", "SMD", "CC1", "", "R", 11.81, 51.18, 0, 0],
		[260, "USB2_A6", -9.84, 442.2, "B", "SMD", "USBDP", "", "R", 11.81, 51.18, 0, 0],
		[261, "USB2_A7", 9.84, 442.2, "B", "SMD", "USBDM", "", "R", 11.81, 51.18, 0, 0],
		[262, "USB2_A8", 49.2, 442.2, "B", "SMD", "USB2_A8", "", "R", 11.81, 51.18, 0, 0],
		[263, "USB2_A9", 100.4, 442.2, "B", "SMD", "+5V", "", "R", 11.81, 51.18, 0, 0],
		[264, "USB2_B1", 120.08, 442.2, "B", "SMD", "GND", "GND", "R", 11.81, 51.18, 0, 0],
		[265, "USB2_B12", -120.08, 442.2, "B", "SMD", "GND", "GND", "R", 11.81, 51.18, 0, 0],
		[266, "USB2_B4", 88.58, 442.2, "B", "SMD", "+5V", "", "R", 11.81, 51.18, 0, 0],
		[267, "USB2_B5", 68.9, 442.2, "B", "SMD", "CC2", "", "R", 11.81, 51.18, 0, 0],
		[268, "USB2_B6", 29.53, 442.2, "B", "SMD", "USBDP", "", "R", 11.81, 51.18, 0, 0],
		[269, "USB2_B7", -29.53, 442.2, "B", "SMD", "USBDM", "", "R", 11.81, 51.18, 0, 0],
		[270, "USB2_B8", -68.9, 442.2, "B", "SMD", "USB2_B8", "", "R", 11.81, 51.18, 0, 0],
		[271, "USB2_B9", -88.58, 442.2, "B", "SMD", "+5V", "", "R", 11.81, 51.18, 0, 0],
		[272, "X1_1", 286.69, 103.46, "B", "SMD", "XTAL_N", "", "R", 55.12, 47.24, 0, 0],
		[273, "X1_2", 373.31, 103.46, "B", "SMD", "GND", "GND", "R", 55.12, 47.24, 0, 0],
		[274, "X1_3", 373.31, 36.54, "B", "SMD", "$1N49082", "", "R", 55.12, 47.24, 0, 0],
		[275, "X1_4", 286.69, 36.54, "B", "SMD", "GND", "GND", "R", 55.12, 47.24, 0, 0],
		[276, "PAD1_5", -608, -335, "B", "SMD", "NS_P", "", "C", 80, 80, 0, 0],
		[277, "PAD2_6", -455, -579, "B", "SMD", "NS_N", "", "C", 80, 80, 0, 0],
		[278, "PAD3_1", -621, 455, "B", "SMD", "VBAT", "", "C", 80, 80, 0, 0],
		[279, "PAD4_2", -617, 340, "B", "SMD", "GND", "GND", "C", 80, 80, 0, 0]
	]
}
}